episode,ep_rew,ep_len,success,collisions,epsilon,q_loss,sec
1,-928.84,600,0,0,1.000,0.0000,5
2,-903.13,600,0,0,0.998,0.5508,6
3,-1027.37,600,0,0,0.994,0.1691,9
4,-902.88,600,0,0,0.989,0.1463,12
5,-1544.14,600,0,0,0.984,0.1500,14
6,-652.26,600,0,0,0.979,0.2029,17
7,-1074.36,600,0,0,0.975,0.2429,19
8,-894.77,600,0,0,0.970,0.3572,22
9,-589.28,600,0,0,0.965,0.4042,25
10,-443.08,600,0,0,0.960,0.4277,28
11,-1169.16,600,0,0,0.956,0.5455,31
12,-133.63,299,1,0,0.953,0.7663,32
13,-677.23,600,0,0,0.949,0.5258,35
14,-435.80,600,0,0,0.944,0.6447,37
15,-562.25,600,0,0,0.939,0.8042,40
16,-477.84,600,0,0,0.934,0.8433,43
17,-287.61,600,0,0,0.930,1.0458,45
18,-650.65,600,0,0,0.925,0.7576,48
19,-474.54,600,0,0,0.920,0.9668,51
20,-571.23,600,0,0,0.915,1.0255,54
21,-0.21,1,0,0,0.915,0.8386,62
22,-425.82,600,0,0,0.911,1.1858,65
23,-350.01,600,0,0,0.906,0.8489,67
24,-487.80,600,0,0,0.901,1.0053,70
25,-449.40,600,0,0,0.896,1.1540,73
26,-350.68,600,0,0,0.892,0.8963,76
27,-280.13,600,0,0,0.887,0.8066,78
28,-244.74,600,0,0,0.882,1.0606,81
29,-339.49,600,0,0,0.877,0.8531,84
30,-249.13,600,0,0,0.873,0.9398,86
31,-279.24,600,0,0,0.868,1.1464,90
32,-362.88,600,0,0,0.863,0.9452,92
33,-247.36,600,0,0,0.858,0.9112,95
34,-347.01,600,0,0,0.854,0.9016,98
35,-263.68,600,0,0,0.849,1.0773,100
36,-230.93,600,0,0,0.844,0.9079,103
37,-272.67,600,0,0,0.839,1.1962,106
38,-225.54,600,0,0,0.835,1.1912,109
39,-213.40,600,0,0,0.830,0.9154,111
40,-217.55,600,0,0,0.825,0.9232,114
41,-0.32,1,0,0,0.825,0.9232,123
42,-268.49,600,0,0,0.820,1.0297,125
43,-210.35,600,0,0,0.816,1.1080,128
44,-201.61,600,0,0,0.811,1.1517,131
45,-183.98,600,0,0,0.806,1.1786,133
46,-241.68,600,0,0,0.801,0.8397,136
47,-172.55,600,0,0,0.797,0.8080,139
48,-199.39,600,0,0,0.792,1.0578,141
49,-163.04,600,0,0,0.787,1.0745,144
50,-189.79,600,0,0,0.782,0.9800,147
51,-166.99,600,0,0,0.778,0.7354,150
52,-221.92,600,0,0,0.773,0.8586,153
53,-178.43,600,0,0,0.768,0.8746,155
54,-188.01,600,0,0,0.763,0.7760,158
55,-157.41,600,0,0,0.759,1.0311,161
56,-233.66,600,0,0,0.754,0.9211,163
57,-153.48,600,0,0,0.749,0.8131,166
58,-177.38,600,0,0,0.744,1.0448,169
59,-156.12,600,0,0,0.740,1.0039,172
60,-145.61,600,0,0,0.735,1.1155,175
61,-0.28,1,0,0,0.735,1.1155,183
62,-161.80,600,0,0,0.730,1.0089,186
63,-204.96,600,0,0,0.725,1.1191,189
64,-160.07,600,0,0,0.721,0.8117,192
65,-117.89,600,0,0,0.716,0.8699,195
66,-148.86,600,0,0,0.711,0.6334,197
67,-96.46,500,1,0,0.707,0.8332,200
68,-97.58,550,1,0,0.703,0.7730,203
69,-174.39,600,0,0,0.698,0.8692,205
70,-160.31,600,0,0,0.693,0.8112,208
71,-159.48,600,0,0,0.688,0.8077,212
72,-179.19,600,0,0,0.684,0.7366,214
73,-165.52,600,0,0,0.679,0.8810,217
74,-154.38,600,0,0,0.674,0.9341,220
75,-138.63,600,0,0,0.669,1.0867,223
76,-133.65,600,0,0,0.665,1.3057,226
77,-62.43,403,1,0,0.662,0.7365,227
78,-111.91,600,0,0,0.657,0.9159,230
79,-126.91,600,0,0,0.652,0.7058,233
80,-122.47,600,0,0,0.647,0.7552,235
81,-0.08,1,0,54,0.647,0.7861,244
82,-123.08,600,0,0,0.643,1.2140,247
83,-47.96,380,1,0,0.640,1.1931,249
84,-117.54,600,0,0,0.635,1.0205,252
85,-43.14,493,1,0,0.631,0.8471,254
86,-128.67,600,0,0,0.626,1.0190,257
87,-113.75,600,0,0,0.621,1.0179,260
88,-41.15,356,1,0,0.619,0.8320,261
89,-28.66,419,1,0,0.615,1.1604,263
90,-151.74,600,0,0,0.610,1.0398,266
91,-4.86,334,1,0,0.608,0.8387,268
92,3.76,290,1,0,0.606,0.7567,269
93,-22.66,363,1,0,0.603,0.7787,271
94,-50.18,501,1,0,0.599,0.8379,274
95,-5.04,253,1,0,0.597,0.7029,275
96,5.21,237,1,0,0.595,0.9859,276
97,-11.06,407,1,0,0.592,0.9915,278
98,11.16,205,1,0,0.590,0.7099,279
99,-112.37,600,0,0,0.585,0.8726,282
100,-36.00,436,1,0,0.582,0.6349,284
101,-0.18,1,0,0,0.582,0.6349,293
102,-37.16,375,1,0,0.579,0.6993,295
103,-114.79,600,0,0,0.574,1.0209,297
104,-32.99,409,1,0,0.571,0.8245,299
105,17.71,254,1,0,0.569,0.7485,300
106,-88.77,600,0,0,0.564,1.0005,303
107,3.31,301,1,0,0.562,0.7614,305
108,-34.89,456,1,0,0.558,0.9145,307
109,-23.64,396,1,0,0.555,0.5340,309
110,26.43,164,1,0,0.554,0.7868,310
111,8.12,242,1,0,0.552,1.0617,311
112,-44.14,420,1,0,0.548,0.8409,313
113,-52.21,507,1,0,0.544,0.9980,316
114,-59.05,482,1,0,0.541,0.6988,318
115,-13.01,252,1,0,0.539,1.0808,319
116,20.48,167,1,0,0.537,0.8344,320
117,-7.70,323,1,0,0.535,0.8477,322
118,9.74,257,1,0,0.533,0.8620,323
1,25.62,279,1,0,0.533,0.0000,4
2,-79.69,600,0,0,0.533,0.0000,5
3,-10.05,342,1,0,0.531,0.5467,6
4,-4.39,314,1,0,0.528,0.2835,7
5,-122.05,600,0,0,0.524,0.4682,10
6,-33.71,425,1,0,0.520,0.3203,12
7,-22.86,460,1,0,0.517,0.2541,14
8,0.15,343,1,0,0.514,0.2683,15
9,3.51,325,1,0,0.511,0.6718,17
10,-118.64,600,0,0,0.507,0.3622,20
11,14.05,258,1,0,0.505,0.2289,21
12,7.48,214,1,0,0.503,0.2347,22
13,-120.51,600,0,0,0.498,0.2640,25
14,-130.03,600,0,0,0.493,0.4966,27
15,5.24,361,1,0,0.491,0.4187,29
16,-15.04,513,1,0,0.486,0.2878,31
17,-21.18,462,1,0,0.483,0.3401,33
18,6.85,271,1,0,0.481,0.4336,34
19,1.02,228,1,0,0.479,0.8667,35
20,-100.08,600,0,0,0.474,0.4828,38
21,9.16,173,1,0,0.473,0.2672,39
22,8.02,244,1,0,0.471,0.9811,40
23,0.98,322,1,0,0.468,0.2003,42
24,3.83,308,1,0,0.466,0.3261,43
25,21.81,214,1,0,0.464,0.3035,44
26,33.62,107,1,0,0.463,0.9266,44
27,-34.14,484,1,0,0.459,0.5177,47
28,-10.50,447,1,0,0.456,0.3269,49
29,30.23,13,1,282,0.456,0.2723,53
30,29.09,205,1,0,0.454,0.3046,55
31,-25.53,403,1,0,0.451,0.2373,57
32,8.94,336,1,0,0.448,0.7632,58
33,6.81,313,1,0,0.446,0.4312,60
34,36.04,254,1,0,0.444,0.8129,61
35,25.84,142,1,0,0.443,0.8494,62
36,-3.70,361,1,0,0.440,0.4521,63
37,-12.00,375,1,0,0.437,0.2395,65
38,25.38,135,1,0,0.436,1.0066,66
39,32.29,219,1,0,0.434,0.3793,67
40,-73.79,600,0,0,0.429,0.3376,69
41,-60.91,600,0,0,0.425,0.3773,72
42,18.67,320,1,0,0.422,0.3928,74
43,4.17,465,1,0,0.418,1.1341,76
44,18.75,153,1,0,0.417,0.4781,77
45,24.08,186,1,0,0.416,0.4217,77
46,10.82,349,1,0,0.413,0.4072,79
47,10.74,320,1,0,0.410,0.4149,80
48,23.64,212,1,0,0.409,0.6333,81
49,15.39,267,1,0,0.407,0.4556,83
50,17.50,194,1,0,0.405,0.4664,84
51,17.73,141,1,0,0.404,0.4138,84
52,-24.30,408,1,0,0.401,0.5139,86
53,18.77,202,1,0,0.399,0.4411,87
54,27.94,122,1,0,0.398,0.4674,88
55,19.30,200,1,0,0.397,0.9635,89
56,16.19,266,1,0,0.394,0.2987,90
57,29.16,155,1,0,0.393,0.4901,90
58,23.13,183,1,0,0.392,1.0780,91
59,30.12,1,1,151,0.392,1.0780,96
60,28.06,139,1,0,0.391,0.5932,96
61,12.08,295,1,0,0.388,0.6277,98
62,7.29,276,1,0,0.386,0.6689,99
63,27.17,242,1,0,0.384,0.5291,100
64,28.90,232,1,0,0.382,0.9601,101
65,15.43,185,1,0,0.381,0.5928,102
66,5.63,274,1,0,0.379,0.3574,103
67,13.53,212,1,0,0.377,0.5624,104
68,10.17,160,1,0,0.376,0.9578,105
69,34.80,122,1,0,0.375,0.4842,106
70,24.63,130,1,0,0.374,0.5051,106
71,22.79,181,1,0,0.372,1.0766,107
72,45.34,218,1,0,0.371,0.6550,109
73,32.99,153,1,0,0.369,0.4141,109
74,23.00,179,1,0,0.368,0.5735,110
75,35.95,115,1,0,0.367,0.4176,111
76,36.15,196,1,0,0.366,0.4706,112
77,23.55,221,1,0,0.364,0.5656,113
78,25.51,175,1,0,0.362,0.3548,113
79,30.03,154,1,0,0.361,0.5000,114
80,28.58,176,1,0,0.360,1.1525,115
81,14.74,111,1,0,0.359,1.0125,116
82,33.76,105,1,0,0.358,1.6002,117
83,26.86,213,1,0,0.356,0.7147,118
84,39.00,79,1,0,0.356,0.4825,118
85,36.67,130,1,0,0.355,0.8420,119
86,30.54,175,1,0,0.353,0.8026,120
87,17.47,186,1,0,0.352,0.3791,121
88,24.33,162,1,0,0.351,0.5467,121
89,30.18,1,1,57,0.351,0.5467,127
90,32.25,149,1,0,0.349,0.6005,128
91,33.38,141,1,0,0.348,1.2361,129
92,26.95,131,1,0,0.347,0.5019,130
93,36.36,227,1,0,0.346,1.1688,131
94,7.71,439,1,0,0.342,0.6848,133
95,28.50,183,1,0,0.341,0.4399,133
96,36.65,180,1,0,0.339,0.5431,134
97,23.30,215,1,0,0.337,0.7833,136
98,27.96,118,1,0,0.337,0.6410,136
99,32.24,139,1,0,0.335,0.4158,137
100,35.05,92,1,0,0.335,0.9874,137
101,35.57,112,1,0,0.334,1.5401,138
102,13.52,175,1,0,0.332,0.4462,139
103,34.23,120,1,0,0.331,0.8045,139
104,38.63,101,1,0,0.331,0.9157,140
105,36.19,108,1,0,0.330,0.6216,141
106,42.07,64,1,0,0.329,0.5339,141
107,26.90,213,1,0,0.328,1.4608,142
108,41.20,129,1,0,0.327,0.6688,143
109,25.40,254,1,0,0.325,1.7067,144
110,31.52,116,1,0,0.324,0.6804,144
111,33.74,83,1,0,0.323,0.5901,145
112,37.81,140,1,0,0.322,0.4833,146
113,35.53,137,1,0,0.321,1.2591,146
114,42.89,85,1,0,0.320,0.8690,147
115,30.01,109,1,0,0.319,0.6523,147
116,21.56,171,1,0,0.318,0.5160,148
117,25.21,96,1,0,0.317,0.4175,148
118,39.08,83,1,0,0.317,1.1314,149
119,29.59,7,1,154,0.316,0.4660,154
120,17.23,204,1,0,0.315,0.9768,155
121,27.34,127,1,0,0.314,0.3618,155
122,33.36,94,1,0,0.313,1.2638,156
123,27.59,204,1,0,0.311,0.6431,157
124,45.72,176,1,0,0.310,1.0794,158
125,38.84,126,1,0,0.309,0.3817,158
126,36.19,148,1,0,0.308,0.5410,159
127,39.49,194,1,0,0.306,0.7320,160
128,34.45,78,1,0,0.306,0.5755,160
129,39.31,149,1,0,0.305,0.5852,161
130,31.95,199,1,0,0.303,0.6070,162
131,32.04,168,1,0,0.302,1.0568,163
132,34.07,220,1,0,0.300,1.4799,164
133,30.28,117,1,0,0.299,0.5174,165
134,32.52,100,1,0,0.298,0.4966,165
135,35.14,98,1,0,0.297,1.0398,166
136,28.31,125,1,0,0.296,1.0155,166
137,41.64,143,1,0,0.295,0.6843,167
138,30.14,171,1,0,0.294,0.8549,168
139,34.11,186,1,0,0.293,0.5479,169
140,20.50,213,1,0,0.291,1.2070,170
141,26.99,108,1,0,0.290,0.9752,170
142,29.16,179,1,0,0.289,1.1342,171
143,43.64,131,1,0,0.288,1.2608,172
144,22.60,243,1,0,0.286,1.0975,173
145,41.62,129,1,0,0.285,0.6704,174
146,35.16,144,1,0,0.283,0.4436,174
147,44.19,113,1,0,0.283,0.6933,175
148,38.95,121,1,0,0.282,0.5874,176
149,29.97,1,1,35,0.282,0.5874,179
150,24.11,167,1,0,0.280,0.6149,180
151,14.06,198,1,0,0.279,0.6650,181
152,20.43,179,1,0,0.277,0.9401,182
153,42.64,115,1,0,0.276,0.9179,183
154,26.64,219,1,0,0.275,1.4224,184
155,43.09,114,1,0,0.274,0.5828,185
156,35.62,179,1,0,0.272,0.8248,185
157,41.57,178,1,0,0.271,0.7116,186
158,37.15,126,1,0,0.270,0.8483,187
159,33.16,144,1,0,0.269,0.6946,187
160,37.71,85,1,0,0.268,0.7696,188
161,40.26,112,1,0,0.267,0.7225,188
162,43.33,139,1,0,0.266,0.4777,189
163,31.88,89,1,0,0.265,0.4565,190
164,41.93,100,1,0,0.265,0.5826,190
165,39.78,102,1,0,0.264,0.8784,190
166,40.36,103,1,0,0.263,1.0680,191
167,28.12,134,1,0,0.262,0.6606,192
168,42.53,199,1,0,0.260,0.9062,193
169,44.16,171,1,0,0.259,0.8006,194
170,27.22,131,1,0,0.258,1.6430,194
171,37.09,86,1,0,0.257,1.4457,195
172,46.54,92,1,0,0.257,0.6080,195
173,33.94,129,1,0,0.255,0.9472,196
174,29.55,127,1,0,0.255,1.1951,196
175,43.47,112,1,0,0.254,0.9686,197
176,43.82,55,1,0,0.253,1.2582,197
177,34.58,91,1,0,0.252,1.2850,198
178,44.01,108,1,0,0.252,0.5668,198
179,-0.04,1,0,143,0.252,0.5668,206
180,48.96,99,1,0,0.251,1.2828,206
181,43.39,174,1,0,0.249,0.7815,207
182,37.80,173,1,0,0.248,0.6998,208
183,45.99,156,1,0,0.247,0.5194,208
184,44.51,155,1,0,0.246,2.0819,209
185,34.14,159,1,0,0.244,0.9492,210
186,32.44,122,1,0,0.243,0.7571,211
187,41.32,132,1,0,0.242,1.3457,211
188,40.99,65,1,0,0.242,1.0320,212
189,43.63,72,1,0,0.241,0.7517,212
190,33.86,89,1,0,0.241,0.5272,213
191,41.54,63,1,0,0.240,0.8440,213
192,43.66,129,1,0,0.239,1.0784,214
193,43.11,58,1,0,0.239,1.5467,214
194,34.31,99,1,0,0.238,1.0426,215
195,32.67,175,1,0,0.236,0.8119,216
196,44.45,101,1,0,0.236,0.7100,216
197,41.88,153,1,0,0.234,1.0931,217
198,46.73,134,1,0,0.233,1.7789,218
199,49.30,174,1,0,0.232,0.9007,218
200,40.70,137,1,0,0.231,0.6182,219
201,30.78,83,1,0,0.230,0.9130,219
202,49.41,95,1,0,0.229,1.3160,220
203,31.16,144,1,0,0.228,0.6473,221
204,14.40,283,1,0,0.226,0.7470,223
205,47.50,134,1,0,0.225,0.7940,223
206,39.91,88,1,0,0.224,1.1062,224
207,40.39,84,1,0,0.224,0.7690,224
208,40.50,77,1,0,0.223,0.9712,224
209,-0.99,1,0,1,0.223,0.9712,228
210,40.91,102,1,0,0.222,0.8175,228
211,41.13,93,1,0,0.221,1.2908,229
212,38.47,77,1,0,0.221,1.0481,229
213,37.57,164,1,0,0.220,0.7914,230
214,51.96,97,1,0,0.219,0.5880,231
215,48.47,214,1,0,0.217,0.8485,232
216,43.94,110,1,0,0.216,1.2459,232
217,54.30,91,1,0,0.216,1.1122,233
218,47.03,46,1,0,0.215,1.3158,233
219,34.13,185,1,0,0.214,0.7796,234
220,29.64,74,1,0,0.213,1.4220,235
221,36.84,79,1,0,0.212,0.5068,235
222,42.66,130,1,0,0.211,1.0229,236
223,42.20,106,1,0,0.211,0.8120,237
224,44.12,66,1,0,0.210,1.0367,237
225,26.31,123,1,0,0.209,1.6901,238
226,42.99,112,1,0,0.208,1.2647,239
227,34.30,132,1,0,0.207,0.8052,270
228,38.27,105,1,0,0.206,0.8126,271
229,37.69,116,1,0,0.205,2.2653,271
230,41.72,169,1,0,0.204,0.8970,274
231,42.06,57,1,0,0.204,0.8265,274
232,40.20,103,1,0,0.203,0.8926,275
233,47.55,72,1,0,0.202,1.4997,276
234,43.60,54,1,0,0.202,1.2157,276
235,38.34,123,1,0,0.201,1.2733,277
236,40.75,89,1,0,0.200,0.8970,277
237,48.39,94,1,0,0.199,0.6732,278
238,39.33,85,1,0,0.199,0.9506,279
239,30.09,1,1,57,0.199,0.9506,281
240,42.83,130,1,0,0.198,1.3456,282
241,33.04,100,1,0,0.197,1.7556,282
242,37.60,84,1,0,0.196,0.9109,283
243,55.91,114,1,0,0.195,0.8080,284
244,42.61,130,1,0,0.194,1.1162,284
245,44.57,98,1,0,0.194,0.8042,285
246,42.17,123,1,0,0.193,1.4541,285
247,47.75,162,1,0,0.191,1.1854,286
248,41.82,46,1,0,0.191,1.6547,287
249,48.46,62,1,0,0.190,1.3857,287
250,39.02,63,1,0,0.190,0.8081,287
251,38.60,85,1,0,0.189,1.2994,288
252,53.01,87,1,0,0.189,0.6567,288
253,39.45,53,1,0,0.188,0.9839,288
254,46.63,71,1,0,0.188,1.0690,289
255,41.40,64,1,0,0.187,1.5083,289
256,19.76,120,1,0,0.186,0.9491,290
257,49.73,102,1,0,0.185,0.9315,290
258,40.46,121,1,0,0.184,0.9912,291
259,57.69,122,1,0,0.183,0.9500,292
260,43.26,94,1,0,0.183,1.3331,292
261,42.74,63,1,0,0.182,1.5872,293
262,47.01,74,1,0,0.182,0.8915,293
263,47.18,91,1,0,0.181,1.8481,294
264,46.29,65,1,0,0.180,1.2360,294
265,42.70,140,1,0,0.179,1.0785,295
266,37.45,57,1,0,0.179,1.2194,295
267,38.52,60,1,0,0.178,0.7168,295
268,41.70,88,1,0,0.178,1.2673,296
269,30.23,1,1,87,0.178,1.2673,300
270,53.40,112,1,0,0.177,1.1649,301
271,42.25,87,1,0,0.176,1.5227,301
272,37.85,66,1,0,0.175,1.4178,301
273,55.84,122,1,0,0.175,1.1140,302
274,23.50,195,1,0,0.173,0.9895,303
275,44.18,89,1,0,0.172,1.1069,304
276,36.28,141,1,0,0.171,1.2989,304
277,54.81,159,1,0,0.170,1.1263,305
278,40.25,66,1,0,0.169,1.6739,306
279,39.97,82,1,0,0.169,0.7886,306
280,42.27,67,1,0,0.168,0.9638,306
281,33.73,75,1,0,0.168,1.3631,307
282,54.29,101,1,0,0.167,1.2376,307
283,46.59,128,1,0,0.166,1.3120,308
284,45.57,91,1,0,0.165,1.4052,309
285,48.58,60,1,0,0.165,0.9635,309
286,50.97,67,1,0,0.164,0.9132,309
287,52.12,125,1,0,0.163,1.1189,310
288,48.45,89,1,0,0.162,0.6644,311
289,52.54,116,1,0,0.161,0.8268,311
290,38.13,84,1,0,0.161,0.8288,312
291,33.67,59,1,0,0.160,1.0117,312
292,48.39,58,1,0,0.160,1.5824,312
293,45.44,98,1,0,0.159,1.1143,313
294,46.20,73,1,0,0.159,0.9307,313
295,56.21,82,1,0,0.158,1.5462,314
296,43.10,79,1,0,0.157,0.8278,314
297,47.08,85,1,0,0.157,1.5922,314
298,49.65,78,1,0,0.156,0.8424,315
299,31.50,7,1,105,0.156,1.0226,317
300,51.39,99,1,0,0.155,1.5112,317
301,45.74,63,1,0,0.155,1.3514,317
302,40.67,46,1,0,0.154,1.1513,318
303,53.25,110,1,0,0.153,0.9309,318
304,55.20,99,1,0,0.153,0.8893,319
305,45.31,66,1,0,0.152,1.1609,319
306,48.05,110,1,0,0.151,1.2201,320
307,47.22,170,1,0,0.150,1.2709,321
308,47.15,40,1,0,0.150,1.0067,321
309,51.22,74,1,0,0.149,1.2328,321
310,47.51,56,1,0,0.149,1.0308,321
311,42.70,77,1,0,0.148,1.0128,322
312,43.02,92,1,0,0.147,0.8343,322
313,49.76,57,1,0,0.147,0.7617,323
314,43.58,81,1,0,0.146,0.7427,323
315,45.75,68,1,0,0.146,0.8277,323
316,49.04,84,1,0,0.145,0.9648,324
317,58.98,112,1,0,0.144,1.5135,324
318,45.20,85,1,0,0.143,1.2224,325
319,64.90,119,1,0,0.142,1.0267,325
320,52.90,80,1,0,0.142,1.1909,326
321,41.50,42,1,0,0.141,1.2393,326
322,50.69,77,1,0,0.141,0.8353,326
323,50.86,76,1,0,0.140,1.6214,327
324,44.81,55,1,0,0.140,0.8511,327
325,35.74,105,1,0,0.139,1.1262,328
326,39.71,80,1,0,0.138,1.3290,328
327,40.95,69,1,0,0.138,0.7813,328
328,50.27,75,1,0,0.137,0.7281,329
329,30.19,1,1,77,0.137,0.7281,331
330,35.95,89,1,0,0.136,1.0842,331
331,45.00,60,1,0,0.136,0.9786,332
332,36.29,62,1,0,0.135,1.3559,332
333,62.51,104,1,0,0.135,1.3680,332
334,39.80,137,1,0,0.134,1.0113,333
335,49.53,58,1,0,0.133,1.1189,334
336,56.96,98,1,0,0.132,1.0906,334
337,29.24,174,1,0,0.131,0.9583,335
338,50.61,77,1,0,0.130,1.2036,335
339,37.83,104,1,0,0.130,0.8784,336
340,49.82,53,1,0,0.129,1.1519,336
341,49.26,56,1,0,0.129,0.9770,336
342,46.21,107,1,0,0.128,1.7086,337
343,45.70,54,1,0,0.127,0.8379,337
344,39.27,64,1,0,0.127,1.2845,338
345,43.22,69,1,0,0.126,1.4908,338
346,48.77,55,1,0,0.126,1.5660,338
347,49.09,134,1,0,0.125,0.8795,339
348,45.29,68,1,0,0.124,1.3816,339
349,47.13,96,1,0,0.124,1.6393,340
350,55.50,69,1,0,0.123,1.5393,340
351,45.48,39,1,0,0.123,1.2036,340
352,45.94,85,1,0,0.122,0.9075,341
353,39.38,96,1,0,0.121,1.1402,341
354,42.77,58,1,0,0.121,1.2309,342
355,37.13,84,1,0,0.120,0.8918,342
356,39.08,58,1,0,0.120,1.0881,342
357,43.29,79,1,0,0.119,1.5074,343
358,47.15,55,1,0,0.119,0.9308,343
359,-4.54,1,0,585,0.119,0.9308,346
360,61.62,88,1,0,0.118,0.7881,346
361,43.57,72,1,0,0.117,1.0387,346
362,48.32,36,1,0,0.117,1.0536,347
363,51.90,96,1,0,0.116,0.7990,347
364,61.77,89,1,0,0.116,1.1918,348
365,55.01,80,1,0,0.115,0.7414,348
366,50.63,89,1,0,0.114,1.2045,349
367,22.84,110,1,0,0.113,0.9151,349
368,40.61,58,1,0,0.113,1.2730,349
369,52.21,64,1,0,0.112,0.7439,350
370,43.34,42,1,0,0.112,0.8233,350
371,41.71,68,1,0,0.112,0.5973,350
372,36.64,132,1,0,0.110,0.9115,351
373,42.93,69,1,0,0.110,0.8237,351
374,43.30,75,1,0,0.109,0.5757,352
375,47.09,77,1,0,0.109,1.4802,352
376,54.80,60,1,0,0.108,1.6788,352
377,48.12,77,1,0,0.108,0.8593,353
378,41.74,71,1,0,0.107,0.8732,353
379,54.18,91,1,0,0.106,1.0677,353
380,41.68,65,1,0,0.106,0.9469,354
381,40.78,29,1,0,0.106,1.2500,354
382,49.26,76,1,0,0.105,1.5375,354
383,51.66,78,1,0,0.104,1.3705,355
384,45.75,48,1,0,0.104,0.9072,355
385,51.43,90,1,0,0.103,1.5210,356
386,39.22,46,1,0,0.103,0.9844,356
387,44.16,62,1,0,0.102,2.0535,356
388,49.70,55,1,0,0.102,1.4110,356
389,30.03,1,1,106,0.102,1.4110,359
390,56.34,68,1,0,0.101,1.0988,360
391,39.26,50,1,0,0.101,0.9113,360
392,42.70,40,1,0,0.101,1.4836,360
393,66.33,90,1,0,0.100,1.0935,361
394,60.76,94,1,0,0.099,0.7905,361
395,43.49,101,1,0,0.099,1.2669,362
396,55.98,87,1,0,0.098,0.8120,362
397,66.48,95,1,0,0.097,1.4781,363
398,37.22,45,1,0,0.097,0.8837,363
399,49.91,52,1,0,0.096,1.3888,363
400,43.38,43,1,0,0.096,0.7695,364
401,47.63,49,1,0,0.096,0.9011,364
402,61.29,77,1,0,0.095,0.7485,364
403,40.22,38,1,0,0.095,1.8045,364
404,43.90,42,1,0,0.094,1.0714,365
405,40.69,48,1,0,0.094,1.2899,365
406,44.46,52,1,0,0.094,1.0827,365
407,56.04,88,1,0,0.093,0.8477,366
408,43.32,62,1,0,0.092,1.4690,366
409,60.08,74,1,0,0.092,1.4617,366
410,55.64,63,1,0,0.091,1.2349,367
411,44.65,47,1,0,0.091,1.0009,367
412,47.60,70,1,0,0.090,0.9285,367
413,56.34,77,1,0,0.090,0.6257,368
414,41.97,77,1,0,0.089,0.7890,368
415,55.41,78,1,0,0.089,1.4804,368
416,41.98,53,1,0,0.088,1.0647,369
417,45.05,48,1,0,0.088,1.5804,369
418,54.23,79,1,0,0.087,1.0153,369
419,30.01,1,1,13,0.087,1.0153,373
420,54.24,77,1,0,0.086,1.2328,373
421,46.98,39,1,0,0.086,1.1918,373
422,45.63,53,1,0,0.086,1.3875,373
423,67.81,92,1,0,0.085,0.8709,374
424,69.90,91,1,0,0.084,1.2959,374
425,46.21,81,1,0,0.084,1.2903,375
426,41.91,125,1,0,0.083,1.0588,376
427,66.45,96,1,0,0.082,1.2733,376
428,42.46,40,1,0,0.082,0.9904,376
429,50.14,72,1,0,0.081,1.6058,377
430,43.06,44,1,0,0.081,0.8387,377
431,48.38,59,1,0,0.080,0.9264,377
432,61.23,147,1,0,0.079,1.1414,378
433,39.56,59,1,0,0.079,1.1275,378
434,46.01,54,1,0,0.078,1.1705,379
435,48.14,51,1,0,0.078,0.8212,379
436,46.82,63,1,0,0.077,1.3667,379
437,57.70,120,1,0,0.076,0.8981,380
438,54.95,64,1,0,0.076,1.2549,380
439,58.64,102,1,0,0.075,0.8579,381
440,53.66,79,1,0,0.074,1.1943,381
441,42.40,39,1,0,0.074,1.0029,381
442,57.62,56,1,0,0.074,0.8762,381
443,57.82,59,1,0,0.073,0.9825,382
444,47.53,50,1,0,0.073,0.8252,382
445,63.63,60,1,0,0.072,0.8091,382
446,43.74,48,1,0,0.072,1.3860,382
447,44.08,41,1,0,0.072,0.9205,383
448,51.32,56,1,0,0.071,0.8036,383
449,-4.61,1,0,582,0.071,0.8036,387
450,58.08,61,1,0,0.071,1.0768,388
451,43.25,37,1,0,0.070,0.8244,388
452,43.05,33,1,0,0.070,1.1012,388
453,60.25,109,1,0,0.069,0.9202,388
454,59.06,67,1,0,0.069,1.2689,389
455,44.39,58,1,0,0.068,0.8658,389
456,55.01,67,1,0,0.068,1.1870,389
457,67.05,85,1,0,0.067,0.8886,390
458,42.36,52,1,0,0.067,1.1296,390
459,57.61,63,1,0,0.066,1.1410,390
460,40.79,53,1,0,0.066,0.7768,391
461,57.65,61,1,0,0.065,1.3530,391
462,62.83,77,1,0,0.065,1.2025,391
463,-596.43,218,1,145,0.063,1.3064,393
464,-165.25,150,1,52,0.062,0.9850,394
465,57.51,61,1,0,0.061,1.3571,394
466,56.83,45,1,0,0.061,1.1736,394
467,51.23,61,1,0,0.060,0.9998,395
468,47.23,57,1,0,0.060,0.9323,395
469,55.27,62,1,0,0.059,1.2673,396
470,50.94,45,1,0,0.059,1.2631,396
471,-54.14,114,1,23,0.058,1.1938,397
472,3.74,61,1,10,0.058,1.1131,397
473,64.90,73,1,0,0.057,1.3228,397
474,63.33,70,1,0,0.057,1.4788,398
475,58.66,70,1,0,0.056,1.1612,398
476,-40.56,61,1,21,0.055,1.0592,399
477,-4034.41,600,0,922,0.051,2.0894,402
478,42.97,62,1,0,0.050,1.7114,403
479,29.99,1,1,79,0.050,1.7114,404
480,60.70,72,1,0,0.050,1.3283,405
481,62.59,77,1,0,0.050,1.7119,405
482,-390.89,168,1,95,0.050,1.4893,406
483,-11.32,108,1,14,0.050,1.5494,407
484,43.75,59,1,1,0.050,1.4515,407
485,-127.09,115,1,39,0.050,1.4192,408
486,46.15,66,1,0,0.050,1.6727,408
487,26.08,91,1,4,0.050,1.4696,409
488,53.90,62,1,0,0.050,0.9141,409
489,45.96,65,1,0,0.050,1.5074,410
490,50.46,63,1,0,0.050,1.8713,410
491,49.77,51,1,0,0.050,1.4569,411
492,56.94,71,1,0,0.050,1.3157,411
493,50.45,55,1,0,0.050,1.3671,411
494,65.45,91,1,0,0.050,1.1286,412
495,55.96,86,1,0,0.050,0.9715,413
496,40.71,69,1,1,0.050,1.4140,413
497,-254.11,105,1,64,0.050,1.4172,414
498,-2346.82,581,1,548,0.050,1.8093,417
499,50.70,60,1,0,0.050,1.2251,417
500,54.31,48,1,0,0.050,0.9842,418
501,52.91,64,1,0,0.050,2.1742,418
502,52.47,77,1,0,0.050,1.3567,419
503,59.68,89,1,0,0.050,1.3685,419
504,50.13,100,1,0,0.050,1.2927,420
505,-202.09,129,1,60,0.050,1.3822,420
506,58.53,87,1,0,0.050,1.0472,421
507,53.84,74,1,0,0.050,0.7555,422
508,46.43,56,1,0,0.050,1.1796,422
509,30.16,1,1,22,0.050,1.1796,424
510,59.70,63,1,0,0.050,1.9640,425
511,64.66,70,1,0,0.050,1.4800,425
512,-1177.86,371,1,272,0.050,1.3497,427
513,-25.33,84,1,16,0.050,2.0113,428
514,-22.46,92,1,17,0.050,0.9543,428
515,-455.14,198,1,114,0.050,2.0210,430
516,41.26,92,1,0,0.050,1.5860,430
517,24.15,102,1,6,0.050,1.3743,431
518,49.62,89,1,0,0.050,1.5114,431
519,33.01,70,1,0,0.050,1.5682,432
520,46.61,67,1,0,0.050,1.6010,432
521,48.99,65,1,0,0.050,1.9640,432
522,-181.06,169,1,51,0.050,1.5213,434
523,19.55,79,1,6,0.050,1.5539,434
524,58.11,104,1,0,0.050,1.6318,435
525,49.63,79,1,0,0.050,1.3639,435
526,55.14,87,1,0,0.050,1.1260,436
527,3.87,58,1,10,0.050,2.0111,436
528,-2528.29,600,0,581,0.050,1.4896,440
529,53.28,73,1,0,0.050,1.5641,440
530,51.26,44,1,0,0.050,1.9431,440
531,48.01,98,1,0,0.050,1.6354,441
532,-64.54,94,1,27,0.050,2.2061,442
533,54.86,156,1,0,0.050,1.4100,443
534,51.70,74,1,0,0.050,1.3385,443
535,-114.42,123,1,37,0.050,1.4856,444
536,47.41,90,1,0,0.050,1.4879,444
537,49.20,62,1,0,0.050,1.9382,445
538,15.04,38,1,7,0.050,1.8559,445
539,30.14,1,1,62,0.050,1.8559,450
540,38.89,98,1,0,0.050,1.6706,451
541,33.54,100,1,4,0.050,2.6098,452
542,-399.01,236,1,102,0.050,1.9455,453
543,46.58,106,1,0,0.050,2.0905,454
544,-170.99,146,1,49,0.050,2.0418,455
545,-55.25,108,1,27,0.050,2.2139,455
546,53.47,59,1,0,0.050,1.0762,456
547,45.16,76,1,0,0.050,2.7615,456
548,53.87,81,1,0,0.050,2.4304,457
549,50.15,52,1,0,0.050,1.7018,457
550,51.94,75,1,0,0.050,1.9296,458
551,45.29,53,1,0,0.050,1.9916,458
552,57.15,115,1,0,0.050,1.5630,459
553,43.11,60,1,0,0.050,1.9956,459
554,62.45,76,1,0,0.050,1.6966,460
555,60.89,81,1,0,0.050,1.5536,460
556,54.44,91,1,0,0.050,3.1344,461
557,-20.27,81,1,17,0.050,1.4948,462
558,-265.41,227,1,69,0.050,1.4028,463
559,47.73,50,1,1,0.050,1.9975,463
560,46.88,50,1,0,0.050,1.3614,463
561,50.04,53,1,0,0.050,1.8295,464
562,1.35,71,1,12,0.050,1.8735,464
563,50.70,93,1,0,0.050,1.6598,465
564,57.37,75,1,0,0.050,1.8782,465
565,-509.23,203,1,131,0.050,2.0374,466
566,58.73,58,1,0,0.050,2.1257,467
567,48.79,82,1,0,0.050,2.3258,467
568,47.79,57,1,0,0.050,2.3639,468
569,-4.34,1,0,344,0.050,2.3639,471
570,53.02,80,1,0,0.050,2.1557,471
571,58.50,82,1,0,0.050,1.8663,472
572,-177.60,173,1,53,0.050,2.6526,473
573,-84.33,93,1,31,0.050,1.9576,474
574,45.80,87,1,2,0.050,1.3930,474
575,-50.77,147,1,25,0.050,2.5004,475
576,54.26,118,1,0,0.050,1.6898,476
577,50.62,48,1,0,0.050,1.1429,476
578,53.05,73,1,0,0.050,1.8644,477
579,44.98,85,1,0,0.050,1.9334,477
580,52.68,56,1,0,0.050,1.9354,478
581,54.96,58,1,0,0.050,2.1765,478
582,-17.39,138,1,18,0.050,1.7136,479
583,45.86,55,1,0,0.050,1.3967,479
584,53.16,104,1,0,0.050,2.0801,480
585,53.22,106,1,0,0.050,2.3134,480
586,59.36,73,1,0,0.050,0.0000,3
587,48.30,130,1,0,0.050,0.0000,4
588,43.60,63,1,0,0.050,0.0000,4
589,47.99,76,1,0,0.050,0.0000,4
590,56.83,62,1,0,0.050,0.0000,4
591,51.44,62,1,0,0.050,0.0000,4
592,45.33,134,1,0,0.050,0.0000,4
593,59.13,80,1,0,0.050,0.0000,5
594,55.19,85,1,0,0.050,0.0000,5
595,47.84,71,1,0,0.050,0.0000,5
596,66.31,85,1,0,0.050,0.0000,5
597,43.48,47,1,0,0.050,0.0000,5
598,44.99,62,1,0,0.050,1.4453,6
599,40.47,42,1,0,0.050,1.5561,6
600,51.80,80,1,0,0.050,1.3933,7
601,-0.29,1,0,0,0.050,1.3933,13
602,50.13,114,1,0,0.050,1.0180,14
603,57.02,169,1,0,0.050,1.2444,15
604,50.71,140,1,0,0.050,0.9868,16
605,66.28,124,1,0,0.050,0.9222,17
606,59.32,91,1,0,0.050,0.6831,18
607,51.39,80,1,0,0.050,0.7769,18
608,50.33,111,1,0,0.050,0.7155,19
609,57.86,144,1,0,0.050,0.6924,19
610,43.51,54,1,0,0.050,0.4738,20
611,52.59,65,1,0,0.050,0.7679,20
612,44.74,48,1,0,0.050,0.7481,20
613,49.01,47,1,0,0.050,1.0565,21
614,64.70,109,1,0,0.050,0.4593,21
615,44.70,57,1,0,0.050,0.6364,22
616,44.20,99,1,0,0.050,0.6348,22
617,51.91,60,1,0,0.050,0.8519,22
618,54.00,77,1,0,0.050,0.7416,23
619,23.29,230,1,0,0.050,0.5137,24
620,48.58,85,1,0,0.050,0.7932,25
621,55.25,97,1,0,0.050,0.6466,26
622,49.09,61,1,0,0.050,0.5505,26
623,45.75,49,1,0,0.050,0.6019,26
624,49.61,90,1,0,0.050,0.7921,27
625,52.29,74,1,0,0.050,0.8311,27
626,49.30,40,1,0,0.050,0.7635,27
627,52.10,94,1,0,0.050,0.7964,28
628,43.72,50,1,0,0.050,0.6820,28
629,40.08,122,1,0,0.050,0.9749,29
630,41.32,76,1,0,0.050,0.7285,29
631,-4.46,1,0,350,0.050,0.7285,34
632,48.28,117,1,0,0.050,0.7166,34
633,37.35,68,1,0,0.050,0.5417,35
634,45.53,48,1,0,0.050,0.6509,35
635,63.75,72,1,0,0.050,0.6942,36
636,54.76,128,1,0,0.050,0.8213,36
637,40.43,99,1,0,0.050,0.7819,37
638,50.58,105,1,0,0.050,0.5203,37
639,56.71,147,1,0,0.050,0.6507,38
640,40.38,69,1,0,0.050,0.7406,39
641,54.06,54,1,0,0.050,0.8750,39
642,48.95,48,1,0,0.050,0.5965,39
643,45.43,71,1,0,0.050,0.5226,40
644,50.09,98,1,0,0.050,0.8497,40
645,38.66,90,1,0,0.050,0.5855,41
646,41.68,77,1,0,0.050,0.4775,41
647,45.22,47,1,0,0.050,0.7077,42
648,48.71,64,1,0,0.050,0.5960,42
649,51.88,124,1,0,0.050,0.6797,43
650,46.23,82,1,0,0.050,0.5530,43
651,49.91,122,1,0,0.050,0.6473,44
652,49.75,71,1,0,0.050,0.8008,44
653,45.27,83,1,0,0.050,0.6413,44
654,50.76,70,1,0,0.050,0.5664,45
655,42.52,60,1,0,0.050,0.4538,45
656,41.06,62,1,0,0.050,0.6129,45
657,48.02,77,1,0,0.050,0.8091,46
658,43.37,40,1,0,0.050,0.4620,46
659,45.92,48,1,0,0.050,0.9691,46
660,49.19,52,1,0,0.050,0.8395,47
661,-0.42,1,0,234,0.050,0.8395,51
662,45.63,101,1,0,0.050,0.5609,51
663,50.10,50,1,0,0.050,0.6328,51
664,49.09,62,1,0,0.050,0.8831,52
665,49.66,119,1,0,0.050,0.7797,52
666,59.38,78,1,0,0.050,0.8857,53
667,48.77,75,1,0,0.050,0.7175,53
668,55.67,67,1,0,0.050,0.5467,53
669,61.00,96,1,0,0.050,0.8383,54
670,42.16,56,1,0,0.050,0.6017,54
671,36.93,176,1,0,0.050,0.6673,55
672,44.97,41,1,0,0.050,0.5842,55
673,47.12,66,1,0,0.050,0.7568,56
674,58.52,79,1,0,0.050,0.7401,56
675,32.82,74,1,0,0.050,0.5368,56
676,45.69,58,1,0,0.050,0.4432,57
677,48.21,145,1,0,0.050,0.4742,57
678,52.41,56,1,0,0.050,0.5744,58
679,33.74,119,1,0,0.050,0.8433,58
680,39.49,121,1,0,0.050,0.7631,59
681,54.41,121,1,0,0.050,0.6740,60
682,48.57,89,1,0,0.050,0.6462,60
683,39.81,68,1,0,0.050,1.0577,60
684,49.33,74,1,0,0.050,0.6273,61
685,52.08,76,1,0,0.050,0.7338,61
686,40.87,83,1,0,0.050,0.9453,62
687,58.11,80,1,0,0.050,0.6060,62
688,43.69,47,1,0,0.050,0.7109,62
689,44.46,54,1,0,0.050,0.6466,63
690,49.56,60,1,0,0.050,0.6982,63
691,-4.52,1,0,568,0.050,0.6982,66
692,57.30,80,1,0,0.050,0.6088,67
693,42.82,56,1,0,0.050,0.7142,67
694,40.86,73,1,0,0.050,0.6270,68
695,67.60,85,1,0,0.050,0.6587,68
696,54.76,104,1,0,0.050,0.5891,68
697,42.86,69,1,0,0.050,0.7391,69
698,59.93,81,1,0,0.050,0.6702,69
699,67.97,103,1,0,0.050,0.9626,70
700,40.50,69,1,0,0.050,0.6157,70
701,51.22,102,1,0,0.050,0.5660,71
702,38.97,69,1,0,0.050,0.5912,71
703,42.57,102,1,0,0.050,0.8979,72
704,60.51,88,1,0,0.050,0.7043,72
705,37.31,80,1,0,0.050,0.6320,72
706,43.33,89,1,0,0.050,0.8501,73
707,42.01,68,1,0,0.050,1.1181,73
708,45.71,60,1,0,0.050,0.6575,73
709,56.12,71,1,0,0.050,0.5650,74
710,52.79,64,1,0,0.050,0.7689,74
711,58.05,113,1,0,0.050,0.6553,75
712,50.16,85,1,0,0.050,0.8766,75
713,41.40,48,1,0,0.050,0.4159,75
714,52.65,97,1,0,0.050,0.5000,76
715,44.08,97,1,0,0.050,0.5787,76
716,53.71,79,1,0,0.050,0.6187,77
717,58.28,81,1,0,0.050,1.0022,77
718,41.88,57,1,0,0.050,0.7052,77
719,44.81,69,1,0,0.050,0.5386,78
720,45.92,57,1,0,0.050,0.6322,78
721,-4.42,1,0,577,0.050,0.6322,81
722,54.30,83,1,0,0.050,0.5894,82
723,44.97,58,1,0,0.050,0.6450,82
724,46.19,48,1,0,0.050,0.4841,82
725,61.83,91,1,0,0.050,0.7005,83
726,51.39,149,1,0,0.050,0.5452,84
727,53.82,80,1,0,0.050,0.5288,84
728,44.85,106,1,0,0.050,0.6057,85
729,56.58,99,1,0,0.050,0.8902,85
730,40.87,55,1,0,0.050,0.4767,86
731,48.33,76,1,0,0.050,0.6786,86
732,45.65,54,1,0,0.050,0.8488,86
733,52.50,84,1,0,0.050,0.6289,87
734,64.32,88,1,0,0.050,0.5542,87
735,51.00,47,1,0,0.050,0.7373,87
736,43.94,90,1,0,0.050,0.6881,88
737,42.57,69,1,0,0.050,0.7789,88
738,53.94,64,1,0,0.050,0.5931,89
739,54.25,84,1,0,0.050,0.6393,89
740,53.53,99,1,0,0.050,0.4873,90
741,58.01,106,1,0,0.050,0.4872,90
742,44.87,67,1,0,0.050,0.7432,90
743,46.86,67,1,0,0.050,0.5884,91
744,55.08,87,1,0,0.050,0.6518,91
745,51.53,83,1,0,0.050,0.7826,92
746,47.90,50,1,0,0.050,0.5871,92
747,48.59,86,1,0,0.050,0.6858,93
748,38.96,58,1,0,0.050,0.4765,93
749,47.32,41,1,0,0.050,0.6346,93
750,45.64,74,1,0,0.050,0.7263,93
751,30.12,1,1,208,0.050,0.7263,96
752,58.17,73,1,0,0.050,0.7391,96
753,43.22,68,1,0,0.050,0.7943,97
754,43.63,44,1,0,0.050,0.6852,97
755,62.68,87,1,0,0.050,0.6145,97
756,54.35,111,1,0,0.050,0.7754,98
757,44.28,50,1,0,0.050,0.8945,98
758,53.78,100,1,0,0.050,0.5857,98
759,60.58,116,1,0,0.050,0.6368,99
760,39.82,49,1,0,0.050,0.6511,99
761,39.65,94,1,0,0.050,0.4817,100
762,39.17,54,1,0,0.050,0.7611,100
763,46.64,55,1,0,0.050,0.5666,100
764,56.30,103,1,0,0.050,0.5887,101
765,44.90,58,1,0,0.050,0.7398,101
766,41.38,60,1,0,0.050,0.7153,102
767,42.63,54,1,0,0.050,0.6074,102
768,50.37,60,1,0,0.050,0.5779,102
769,54.57,112,1,0,0.050,0.7965,103
770,55.09,69,1,0,0.050,0.4123,103
771,65.16,96,1,0,0.050,0.4658,103
772,43.32,63,1,0,0.050,0.7649,104
773,40.99,46,1,0,0.050,0.5587,104
774,48.78,62,1,0,0.050,0.6927,104
775,46.95,84,1,0,0.050,0.4861,105
776,50.45,65,1,0,0.050,0.5964,105
777,51.89,77,1,0,0.050,0.6210,105
778,53.59,98,1,0,0.050,0.7894,106
779,38.62,50,1,0,0.050,0.7254,106
780,52.49,60,1,0,0.050,0.7722,107
781,30.14,1,1,105,0.050,0.7722,109
782,62.62,99,1,0,0.050,0.5660,109
783,51.17,64,1,0,0.050,0.7444,110
784,46.01,41,1,0,0.050,0.7001,110
785,65.48,82,1,0,0.050,0.7239,110
786,65.38,109,1,0,0.050,0.6471,111
787,57.21,76,1,0,0.050,0.6399,111
788,55.99,73,1,0,0.050,0.6798,112
789,70.89,108,1,0,0.050,0.6223,112
790,46.54,80,1,0,0.050,0.7768,113
791,53.27,77,1,0,0.050,0.7110,113
792,44.73,59,1,0,0.050,0.4808,113
793,54.67,73,1,0,0.050,0.5568,114
794,51.20,75,1,0,0.050,0.6200,114
795,48.15,96,1,0,0.050,0.7282,115
796,46.16,86,1,0,0.050,0.5742,116
797,50.03,61,1,0,0.050,0.6607,117
798,43.27,100,1,0,0.050,0.7026,118
799,56.15,94,1,0,0.050,0.6518,119
800,55.53,150,1,0,0.050,0.6474,120
801,63.84,108,1,0,0.050,0.5538,121
802,48.69,57,1,0,0.050,0.6294,121
803,44.20,47,1,0,0.050,0.6417,121
804,54.51,90,1,0,0.050,0.8152,122
805,48.79,86,1,0,0.050,0.4728,122
806,50.40,48,1,0,0.050,0.6861,123
807,51.19,82,1,0,0.050,0.5913,123
808,44.98,46,1,0,0.050,0.6382,124
809,42.63,83,1,0,0.050,0.6955,124
810,48.27,57,1,0,0.050,0.6525,124
811,30.39,1,1,75,0.050,0.6525,127
812,39.84,94,1,0,0.050,0.6371,127
813,48.50,50,1,0,0.050,0.4908,128
814,45.59,61,1,0,0.050,0.4768,128
815,19.63,164,1,0,0.050,0.5859,129
816,64.17,84,1,0,0.050,0.6284,129
817,55.96,61,1,0,0.050,0.6175,130
818,57.22,65,1,0,0.050,0.6790,130
819,70.53,76,1,0,0.050,0.7629,130
820,49.80,50,1,0,0.050,0.4827,131
821,58.00,73,1,0,0.050,0.6868,131
822,49.10,55,1,0,0.050,0.6571,131
823,59.02,72,1,0,0.050,0.4355,132
824,56.28,85,1,0,0.050,0.7264,132
825,45.79,58,1,0,0.050,0.5998,132
826,40.68,65,1,0,0.050,0.6620,133
827,42.40,54,1,0,0.050,0.6790,133
828,56.89,72,1,0,0.050,0.6028,133
829,62.27,87,1,0,0.050,0.7389,134
830,49.70,89,1,0,0.050,0.7119,134
831,62.51,94,1,0,0.050,0.7000,135
832,53.72,60,1,0,0.050,0.5549,135
833,46.24,53,1,0,0.050,0.9530,135
834,57.72,79,1,0,0.050,0.6877,136
835,52.93,60,1,0,0.050,0.6345,136
836,47.57,51,1,0,0.050,0.9931,136
837,61.48,98,1,0,0.050,0.5988,137
838,43.79,69,1,0,0.050,0.6469,137
839,42.51,76,1,0,0.050,0.5190,137
840,46.03,70,1,0,0.050,0.8676,138
841,30.27,1,1,52,0.050,0.8676,140
842,61.30,78,1,0,0.050,0.6599,140
843,47.19,41,1,0,0.050,0.5043,140
844,51.53,48,1,0,0.050,0.6175,140
845,63.60,80,1,0,0.050,0.4799,141
846,66.93,107,1,0,0.050,0.5729,141
847,50.57,62,1,0,0.050,0.7528,142
848,55.30,61,1,0,0.050,0.6098,142
849,64.64,92,1,0,0.050,0.5513,143
850,44.23,42,1,0,0.050,0.4814,143
851,54.18,55,1,0,0.050,0.7644,143
852,51.47,55,1,0,0.050,0.7759,143
853,57.36,58,1,0,0.050,0.6634,144
854,67.91,83,1,0,0.050,0.9786,144
855,50.29,58,1,0,0.050,0.5905,144
856,55.84,76,1,0,0.050,0.4313,145
857,48.73,48,1,0,0.050,0.8786,145
858,56.77,107,1,0,0.050,0.8717,145
859,57.78,68,1,0,0.050,0.5350,146
860,46.10,101,1,0,0.050,0.4526,146
861,64.82,96,1,0,0.050,0.7754,147
862,60.12,68,1,0,0.050,0.5976,147
863,46.45,59,1,0,0.050,0.7394,147
864,63.37,89,1,0,0.050,0.7399,148
865,55.76,60,1,0,0.050,1.0207,148
866,49.46,51,1,0,0.050,0.6328,148
867,63.29,84,1,0,0.050,0.5761,149
868,51.74,52,1,0,0.050,0.6153,149
869,49.97,52,1,0,0.050,0.3999,149
870,50.47,60,1,0,0.050,0.5333,150
871,30.13,1,1,85,0.050,0.5333,153
872,59.62,83,1,0,0.050,0.5826,153
873,50.54,52,1,0,0.050,0.4869,153
874,45.79,52,1,0,0.050,0.7906,154
875,66.41,70,1,0,0.050,0.6831,154
876,63.72,75,1,0,0.050,0.7013,154
877,50.05,73,1,0,0.050,0.5494,155
878,59.54,67,1,0,0.050,0.6366,155
879,64.78,102,1,0,0.050,0.9089,156
880,40.14,75,1,0,0.050,0.5320,156
881,56.52,59,1,0,0.050,0.7359,156
882,48.13,63,1,0,0.050,0.6576,156
883,46.83,45,1,0,0.050,0.5227,157
884,65.44,91,1,0,0.050,0.6698,157
885,50.84,47,1,0,0.050,0.5846,157
886,50.78,53,1,0,0.050,0.6751,158
887,48.84,42,1,0,0.050,0.8318,158
888,57.76,64,1,0,0.050,0.5768,158
889,58.83,113,1,0,0.050,0.7989,159
890,62.04,87,1,0,0.050,0.5456,159
891,64.61,84,1,0,0.050,0.4933,160
892,51.12,72,1,0,0.050,0.3899,160
893,46.51,47,1,0,0.050,0.4934,160
894,57.66,72,1,0,0.050,0.5595,161
895,53.93,59,1,0,0.050,0.6012,161
896,47.30,48,1,0,0.050,0.6558,161
897,65.75,83,1,0,0.050,0.6976,162
898,51.58,48,1,0,0.050,0.5297,162
899,49.45,60,1,0,0.050,0.5552,162
900,48.52,53,1,0,0.050,0.5024,162
901,30.23,1,1,73,0.050,0.5024,165
902,60.49,84,1,0,0.050,0.5953,166
903,49.91,46,1,0,0.050,0.6114,166
904,44.95,42,1,0,0.050,0.5521,166
905,63.75,105,1,0,0.050,0.6398,167
906,66.97,78,1,0,0.050,0.6653,167
907,52.62,58,1,0,0.050,0.6058,167
908,57.91,65,1,0,0.050,0.6489,168
909,69.58,82,1,0,0.050,0.7109,168
910,43.29,37,1,0,0.050,0.4919,168
911,59.99,60,1,0,0.050,0.5714,168
912,50.66,46,1,0,0.050,0.4283,169
913,55.93,61,1,0,0.050,0.5208,169
914,65.65,80,1,0,0.050,0.5872,169
915,51.66,52,1,0,0.050,0.6752,170
916,52.62,72,1,0,0.050,0.8630,170
917,51.92,54,1,0,0.050,0.4632,170
918,56.23,56,1,0,0.050,0.6597,170
919,57.16,100,1,0,0.050,0.3531,171
920,51.50,66,1,0,0.050,0.3583,171
921,70.31,107,1,0,0.050,0.4085,172
922,59.47,64,1,0,0.050,0.3758,172
923,47.62,52,1,0,0.050,0.6982,172
924,54.83,97,1,0,0.050,0.7082,173
925,52.13,54,1,0,0.050,0.5227,173
926,53.23,47,1,0,0.050,0.7100,173
927,66.58,80,1,0,0.050,0.6923,174
928,49.55,60,1,0,0.050,0.5297,174
929,52.86,52,1,0,0.050,0.3917,174
930,57.76,63,1,0,0.050,0.4039,175
931,30.04,1,1,133,0.050,0.7734,178
932,63.90,75,1,0,0.050,0.5233,178
933,46.43,48,1,0,0.050,0.7249,179
934,47.46,49,1,0,0.050,0.4429,179
935,65.97,91,1,0,0.050,0.6511,179
936,61.07,75,1,0,0.050,0.5364,180
937,51.57,55,1,0,0.050,0.7972,180
938,61.83,83,1,0,0.050,0.5843,180
939,66.37,104,1,0,0.050,0.5330,181
940,49.75,48,1,0,0.050,0.5157,181
941,59.34,57,1,0,0.050,0.5834,181
942,48.47,54,1,0,0.050,0.5867,182
943,48.27,53,1,0,0.050,0.6659,182
944,65.81,78,1,0,0.050,0.5483,182
945,48.38,40,1,0,0.050,0.7297,182
946,52.35,52,1,0,0.050,0.4771,183
947,53.22,48,1,0,0.050,0.5678,183
948,57.55,66,1,0,0.050,0.5211,183
949,62.69,92,1,0,0.050,0.5989,184
950,55.42,66,1,0,0.050,0.6399,184
951,67.18,109,1,0,0.050,0.5800,185
952,57.21,53,1,0,0.050,0.5967,185
953,47.28,47,1,0,0.050,0.5527,185
954,53.36,69,1,0,0.050,0.6708,185
955,56.68,82,1,0,0.050,0.5999,186
956,50.70,52,1,0,0.050,0.7309,186
957,63.17,73,1,0,0.050,0.6861,186
958,48.71,57,1,0,0.050,0.5308,187
959,50.07,58,1,0,0.050,0.4536,187
960,53.72,59,1,0,0.050,0.5677,187
961,30.29,1,1,182,0.050,0.5677,190
962,58.21,77,1,0,0.050,0.4736,190
963,44.67,35,1,0,0.050,0.6197,190
964,53.67,56,1,0,0.050,0.4664,191
965,64.52,95,1,0,0.050,0.8002,191
966,64.26,89,1,0,0.050,0.3705,192
967,56.26,69,1,0,0.050,0.5073,192
968,58.19,80,1,0,0.050,0.3906,192
969,71.63,106,1,0,0.050,0.8197,193
970,52.40,69,1,0,0.050,0.5676,193
971,62.98,69,1,0,0.050,0.6108,193
972,51.23,75,1,0,0.050,0.6194,194
973,53.27,49,1,0,0.050,0.5558,194
974,58.59,77,1,0,0.050,0.6025,195
975,44.72,48,1,0,0.050,0.5704,195
976,48.01,66,1,0,0.050,0.5876,195
977,48.21,40,1,0,0.050,0.5935,195
978,51.02,47,1,0,0.050,0.5813,196
979,70.80,84,1,0,0.050,0.6227,196
980,51.87,53,1,0,0.050,0.4359,196
981,65.28,75,1,0,0.050,0.5714,197
982,55.84,60,1,0,0.050,0.4053,197
983,45.16,36,1,0,0.050,0.6060,197
984,57.39,59,1,0,0.050,0.6435,197
985,55.46,51,1,0,0.050,0.4554,198
986,55.31,53,1,0,0.050,0.7447,198
987,64.83,61,1,0,0.050,0.5788,198
988,49.79,91,1,0,0.050,0.7272,199
989,42.48,54,1,0,0.050,0.3565,199
990,50.13,46,1,0,0.050,0.6235,199
991,30.02,1,1,118,0.050,0.6235,202
992,64.98,68,1,0,0.050,0.7317,202
993,47.70,46,1,0,0.050,0.5755,202
994,47.20,40,1,0,0.050,0.5766,202
995,66.16,78,1,0,0.050,0.5788,203
996,68.64,81,1,0,0.050,0.4713,203
997,53.18,69,1,0,0.050,0.6930,203
998,61.59,73,1,0,0.050,0.5390,204
999,70.72,89,1,0,0.050,0.6819,204
1000,48.93,51,1,0,0.050,0.5137,204
1001,61.04,69,1,0,0.050,0.5981,205
1002,48.38,40,1,0,0.050,0.6383,205
1003,53.87,54,1,0,0.050,0.5584,205
1004,66.35,81,1,0,0.050,0.4395,206
1005,51.88,76,1,0,0.050,0.4918,206
1006,50.49,44,1,0,0.050,0.5802,206
1007,47.37,51,1,0,0.050,0.5030,206
1008,57.57,61,1,0,0.050,0.6709,207
1009,69.27,96,1,0,0.050,0.4110,207
1010,57.85,73,1,0,0.050,0.4404,208
1011,63.71,91,1,0,0.050,0.4431,208
1012,55.44,62,1,0,0.050,0.4939,208
1013,45.79,41,1,0,0.050,0.4357,209
1014,58.13,88,1,0,0.050,0.6046,209
1015,54.46,77,1,0,0.050,0.5288,209
1016,52.81,43,1,0,0.050,0.5180,210
1017,61.06,76,1,0,0.050,0.5387,210
1018,48.53,42,1,0,0.050,0.4931,210
1019,51.27,52,1,0,0.050,0.5247,210
1020,55.53,68,1,0,0.050,0.4679,211
1021,32.44,7,1,73,0.050,0.4471,212
1022,62.34,89,1,0,0.050,0.3490,213
1023,46.21,52,1,0,0.050,0.5710,213
1024,42.57,60,1,0,0.050,0.5380,213
1025,67.57,90,1,0,0.050,0.3539,214
1026,69.81,84,1,0,0.050,0.4708,214
1027,51.30,76,1,0,0.050,0.4862,215
1028,63.57,73,1,0,0.050,0.6638,215
1029,67.98,91,1,0,0.050,0.5076,215
1030,46.98,49,1,0,0.050,0.4218,216
1031,61.34,55,1,0,0.050,0.5633,216
1032,49.18,40,1,0,0.050,0.5613,216
1033,53.47,55,1,0,0.050,0.3324,216
1034,59.38,81,1,0,0.050,0.3594,217
1035,49.76,48,1,0,0.050,0.3672,217
1036,54.84,48,1,0,0.050,0.5918,217
1037,53.31,64,1,0,0.050,0.6234,218
1038,54.91,54,1,0,0.050,0.5227,218
1039,65.60,90,1,0,0.050,0.4756,218
1040,61.39,62,1,0,0.050,0.5408,219
1041,68.32,79,1,0,0.050,0.7104,219
1042,60.94,59,1,0,0.050,0.3262,219
1043,47.75,40,1,0,0.050,0.5357,219
1044,52.75,79,1,0,0.050,0.6383,220
1045,51.27,56,1,0,0.050,0.5473,220
1046,50.96,67,1,0,0.050,0.4008,220
1047,63.22,72,1,0,0.050,0.6361,221
1048,42.47,55,1,0,0.050,0.7141,221
1049,52.71,44,1,0,0.050,0.4016,221
1050,53.74,58,1,0,0.050,0.5129,222
1051,-4.37,1,0,445,0.050,0.5129,224
1052,60.37,100,1,0,0.050,0.3851,225
1053,47.68,43,1,0,0.050,0.4181,225
1054,46.34,49,1,0,0.050,0.5226,226
1055,66.09,84,1,0,0.050,0.3685,226
1056,68.26,85,1,0,0.050,0.5230,227
1057,56.18,65,1,0,0.050,0.6001,227
1058,61.62,72,1,0,0.050,0.5123,227
1059,70.97,82,1,0,0.050,0.5684,228
1060,44.88,40,1,0,0.050,0.5083,228
1061,49.18,95,1,0,0.050,0.5907,228
1062,49.82,45,1,0,0.050,0.4096,228
1063,57.05,55,1,0,0.050,0.4686,229
1064,56.86,77,1,0,0.050,0.5529,229
1065,51.16,71,1,0,0.050,0.5379,230
1066,54.79,50,1,0,0.050,0.4702,230
1067,53.79,53,1,0,0.050,0.4615,230
1068,56.50,62,1,0,0.050,0.4919,230
1069,67.14,84,1,0,0.050,0.4931,231
1070,53.18,59,1,0,0.050,0.5866,231
1071,61.34,80,1,0,0.050,0.5637,232
1072,60.13,74,1,0,0.050,0.6581,232
1073,51.12,49,1,0,0.050,0.6641,232
1074,55.30,64,1,0,0.050,0.5777,233
1075,60.91,62,1,0,0.050,0.4622,233
1076,57.19,68,1,0,0.050,0.4787,233
1077,57.19,70,1,0,0.050,0.5268,234
1078,51.76,63,1,0,0.050,0.5080,234
1079,52.37,44,1,0,0.050,0.4415,234
1080,53.47,63,1,0,0.050,0.4116,235
1081,30.30,1,1,146,0.050,0.5024,237
1082,57.22,72,1,0,0.050,0.4589,237
1083,41.81,57,1,0,0.050,0.4736,237
1084,44.45,52,1,0,0.050,0.6183,238
1085,66.47,92,1,0,0.050,0.5032,238
1086,65.07,86,1,0,0.050,0.3669,239
1087,54.62,63,1,0,0.050,0.4376,239
1088,61.23,60,1,0,0.050,0.4811,240
1089,71.02,83,1,0,0.050,0.4558,240
1090,49.15,59,1,0,0.050,0.3653,241
1091,58.51,52,1,0,0.050,0.4882,241
1092,51.63,46,1,0,0.050,0.4727,241
1093,53.07,49,1,0,0.050,0.4163,242
1094,64.91,73,1,0,0.050,0.4852,242
1095,46.75,50,1,0,0.050,0.4207,242
1096,52.71,61,1,0,0.050,0.6365,243
1097,51.07,60,1,0,0.050,0.3763,243
1098,66.42,87,1,0,0.050,0.4892,244
1099,67.62,76,1,0,0.050,0.4813,244
1100,58.88,69,1,0,0.050,0.4504,245
1101,69.06,85,1,0,0.050,0.5458,245
1102,58.59,54,1,0,0.050,0.3874,245
1103,43.80,42,1,0,0.050,0.3083,246
1104,61.11,66,1,0,0.050,0.5042,246
1105,60.82,66,1,0,0.050,0.4212,247
1106,50.10,53,1,0,0.050,0.5056,247
1107,64.12,74,1,0,0.050,0.3485,248
1108,53.55,55,1,0,0.050,0.6161,248
1109,51.51,48,1,0,0.050,0.5053,249
1110,59.29,70,1,0,0.050,0.5119,250
1111,30.21,1,1,159,0.050,0.5119,255
1112,65.23,85,1,0,0.050,0.4426,255
1113,43.52,47,1,0,0.050,0.5260,256
1114,49.74,46,1,0,0.050,0.5190,256
1115,66.91,88,1,0,0.050,0.4350,256
1116,62.56,91,1,0,0.050,0.4912,257
1117,56.13,77,1,0,0.050,0.6000,257
1118,64.81,71,1,0,0.050,0.4696,258
1119,69.92,105,1,0,0.050,0.5262,258
1120,48.95,51,1,0,0.050,0.3874,258
1121,56.59,65,1,0,0.050,0.4554,259
1122,52.34,43,1,0,0.050,0.5559,259
1123,56.18,65,1,0,0.050,0.4188,259
1124,70.16,88,1,0,0.050,0.4321,260
1125,49.21,41,1,0,0.050,0.4191,260
1126,52.80,45,1,0,0.050,0.5006,260
1127,50.31,48,1,0,0.050,0.4935,261
1128,59.73,66,1,0,0.050,0.3729,261
1129,59.98,91,1,0,0.050,0.3857,262
1130,57.65,64,1,0,0.050,0.5773,262
1131,61.79,79,1,0,0.050,0.4613,262
1132,58.77,65,1,0,0.050,0.6827,263
1133,46.42,41,1,0,0.050,0.3774,263
1134,61.08,81,1,0,0.050,0.6551,264
1135,56.83,54,1,0,0.050,0.5731,264
1136,54.13,45,1,0,0.050,0.5369,264
1137,67.11,71,1,0,0.050,0.4482,264
1138,54.39,51,1,0,0.050,0.5323,265
1139,53.02,57,1,0,0.050,0.5957,265
1140,50.45,49,1,0,0.050,0.5185,265
1141,30.24,1,1,168,0.050,0.4495,267
1142,62.49,75,1,0,0.050,0.4058,268
1143,50.92,51,1,0,0.050,0.4656,268
1144,49.44,48,1,0,0.050,0.5057,268
1145,73.51,93,1,0,0.050,0.4474,269
1146,71.24,81,1,0,0.050,0.6817,269
1147,59.25,85,1,0,0.050,0.3907,270
1148,64.13,59,1,0,0.050,0.4325,270
1149,74.00,89,1,0,0.050,0.4657,271
1150,48.55,37,1,0,0.050,0.5879,271
1151,60.74,58,1,0,0.050,0.5040,271
1152,51.37,63,1,0,0.050,0.5075,271
1153,55.21,54,1,0,0.050,0.3918,272
1154,70.69,80,1,0,0.050,0.5877,272
1155,48.71,43,1,0,0.050,0.4404,273
1156,57.67,51,1,0,0.050,0.3571,273
1157,52.88,42,1,0,0.050,0.3259,273
1158,52.95,51,1,0,0.050,0.5729,274
1159,71.78,86,1,0,0.050,0.4810,274
1160,57.39,82,1,0,0.050,0.5207,274
1161,68.16,95,1,0,0.050,0.5542,275
1162,56.74,57,1,0,0.050,0.4513,275
1163,46.05,45,1,0,0.050,0.4003,276
1164,57.09,67,1,0,0.050,0.4821,276
1165,61.51,73,1,0,0.050,0.4839,277
1166,55.04,70,1,0,0.050,0.6125,277
1167,62.81,75,1,0,0.050,0.5342,277
1168,50.24,42,1,0,0.050,0.6658,278
1169,52.90,55,1,0,0.050,0.5521,278
1170,50.11,51,1,0,0.050,0.4424,278
1171,-4.39,1,0,582,0.050,0.4424,282
1172,62.17,69,1,0,0.050,0.4676,282
1173,46.66,39,1,0,0.050,0.4924,283
1174,47.82,42,1,0,0.050,0.4339,283
1175,65.56,76,1,0,0.050,0.4847,283
1176,66.59,74,1,0,0.050,0.5359,284
1177,56.43,57,1,0,0.050,0.5184,284
1178,62.05,70,1,0,0.050,0.3282,284
1179,69.14,92,1,0,0.050,0.4426,285
1180,48.73,48,1,0,0.050,0.4753,285
1181,59.37,69,1,0,0.050,0.3492,285
1182,50.05,44,1,0,0.050,0.4065,286
1183,58.20,52,1,0,0.050,0.5241,286
1184,65.13,81,1,0,0.050,0.4783,286
1185,53.09,67,1,0,0.050,0.6386,287
1186,51.83,45,1,0,0.050,0.5203,287
1187,51.60,43,1,0,0.050,0.4842,287
1188,53.34,54,1,0,0.050,0.6021,288
1189,65.68,85,1,0,0.050,0.5274,288
1190,58.93,62,1,0,0.050,0.4165,288
1191,66.71,81,1,0,0.050,0.5092,289
1192,59.79,53,1,0,0.050,0.3849,289
1193,44.02,49,1,0,0.050,0.5139,289
1194,62.10,82,1,0,0.050,0.3786,290
1195,58.32,60,1,0,0.050,0.5991,290
1196,53.31,45,1,0,0.050,0.4163,290
1197,56.68,78,1,0,0.050,0.5167,291
1198,47.96,41,1,0,0.050,0.6156,291
1199,57.81,66,1,0,0.050,0.5086,291
1200,51.85,47,1,0,0.050,0.5182,291
1201,30.28,1,1,117,0.050,0.5182,293
1202,61.85,68,1,0,0.050,0.4165,294
1203,49.54,47,1,0,0.050,0.4574,294
1204,48.39,40,1,0,0.050,0.6525,294
1205,70.61,87,1,0,0.050,0.4825,294
1206,75.76,114,1,0,0.050,0.6392,295
1207,52.14,54,1,0,0.050,0.4619,295
1208,61.64,57,1,0,0.050,0.4889,296
1209,73.57,93,1,0,0.050,0.4353,296
1210,45.07,46,1,0,0.050,0.6156,296
1211,58.13,54,1,0,0.050,0.4852,297
1212,51.46,43,1,0,0.050,0.5277,297
1213,57.18,52,1,0,0.050,0.5732,297
1214,67.20,73,1,0,0.050,0.4764,297
1215,53.10,53,1,0,0.050,0.3652,298
1216,52.31,47,1,0,0.050,0.5499,298
1217,52.05,50,1,0,0.050,0.5387,298
1218,55.28,47,1,0,0.050,0.3609,298
1219,54.81,82,1,0,0.050,0.4718,299
1220,58.09,63,1,0,0.050,0.4133,299
1221,69.48,71,1,0,0.050,0.5711,299
1222,56.81,50,1,0,0.050,0.3183,300
1223,45.79,49,1,0,0.050,0.4642,300
1224,55.15,65,1,0,0.050,0.4679,300
1225,57.13,64,1,0,0.050,0.3497,301
1226,53.45,44,1,0,0.050,0.5283,301
1227,61.21,63,1,0,0.050,0.5558,301
1228,53.54,60,1,0,0.050,0.5829,302
1229,50.11,38,1,0,0.050,0.6065,302
1230,55.70,51,1,0,0.050,0.2785,302
1231,30.18,1,1,328,0.050,0.2785,304
1232,67.45,88,1,0,0.050,0.4282,305
1233,54.16,57,1,0,0.050,0.5464,305
1234,48.26,40,1,0,0.050,0.4852,305
1235,68.06,86,1,0,0.050,0.5376,306
1236,71.01,73,1,0,0.050,0.5081,306
1237,56.22,53,1,0,0.050,0.3875,306
1238,60.00,67,1,0,0.050,0.5919,306
1239,69.82,99,1,0,0.050,0.5821,307
1240,50.30,43,1,0,0.050,0.3915,307
1241,56.08,55,1,0,0.050,0.4256,307
1242,45.88,39,1,0,0.050,0.5554,308
1243,58.21,50,1,0,0.050,0.5490,308
1244,64.10,73,1,0,0.050,0.5369,308
1245,49.12,46,1,0,0.050,0.4382,309
1246,53.17,51,1,0,0.050,0.4318,309
1247,47.57,43,1,0,0.050,0.3758,309
1248,61.30,54,1,0,0.050,0.3671,310
1249,63.04,89,1,0,0.050,0.5267,310
1250,57.06,77,1,0,0.050,0.5519,311
1251,72.01,78,1,0,0.050,0.3287,311
1252,58.54,50,1,0,0.050,0.4717,311
1253,46.80,37,1,0,0.050,0.4402,312
1254,56.13,65,1,0,0.050,0.4005,312
1255,58.59,60,1,0,0.050,0.4142,313
1256,54.97,64,1,0,0.050,0.4433,313
1257,60.57,73,1,0,0.050,0.5741,313
1258,50.26,46,1,0,0.050,0.4219,314
1259,50.47,44,1,0,0.050,0.5038,314
1260,56.46,54,1,0,0.050,0.3925,314
1261,29.98,1,1,99,0.050,0.5376,316
1262,63.18,70,1,0,0.050,0.4768,316
1263,50.45,53,1,0,0.050,0.3438,316
1264,50.93,44,1,0,0.050,0.4011,317
1265,71.75,80,1,0,0.050,0.5731,317
1266,66.66,75,1,0,0.050,0.3373,317
1267,53.70,57,1,0,0.050,0.4835,318
1268,63.70,66,1,0,0.050,0.3624,318
1269,63.31,82,1,0,0.050,0.4139,318
1270,46.04,52,1,0,0.050,0.3514,319
1271,62.66,70,1,0,0.050,0.5184,319
1272,49.53,37,1,0,0.050,0.3351,319
1273,56.44,59,1,0,0.050,0.4902,320
1274,65.94,68,1,0,0.050,0.4522,320
1275,49.41,45,1,0,0.050,0.4957,320
1276,51.92,50,1,0,0.050,0.4227,321
1277,51.62,39,1,0,0.050,0.5001,321
1278,53.96,56,1,0,0.050,0.3850,321
1279,63.72,85,1,0,0.050,0.4443,322
1280,58.34,60,1,0,0.050,0.4553,322
1281,68.52,76,1,0,0.050,0.5199,322
1282,59.19,51,1,0,0.050,0.4179,323
1283,44.74,36,1,0,0.050,0.4045,323
1284,55.26,70,1,0,0.050,0.4528,323
1285,56.22,50,1,0,0.050,0.3866,323
1286,53.54,52,1,0,0.050,0.4613,324
1287,66.03,70,1,0,0.050,0.4839,324
1288,47.18,43,1,0,0.050,0.4627,324
1289,49.84,41,1,0,0.050,0.4220,324
1290,55.12,56,1,0,0.050,0.3114,325
1291,30.29,1,1,197,0.050,0.3114,327
1292,61.13,73,1,0,0.050,0.4508,327
1293,48.49,43,1,0,0.050,0.4031,327
1294,51.10,51,1,0,0.050,0.4736,328
1295,73.59,84,1,0,0.050,0.4723,328
1296,70.68,72,1,0,0.050,0.4461,328
1297,57.60,57,1,0,0.050,0.3364,329
1298,58.49,54,1,0,0.050,0.4703,329
1299,69.63,86,1,0,0.050,0.4959,330
1300,51.58,43,1,0,0.050,0.4292,330
1301,55.36,61,1,0,0.050,0.4616,330
1302,51.79,45,1,0,0.050,0.5038,331
1303,56.68,55,1,0,0.050,0.3763,331
1304,68.05,77,1,0,0.050,0.4034,331
1305,48.36,41,1,0,0.050,0.3378,331
1306,58.66,55,1,0,0.050,0.4365,332
1307,53.93,47,1,0,0.050,0.3157,332
1308,53.14,47,1,0,0.050,0.5195,332
1309,66.98,69,1,0,0.050,0.3646,333
1310,54.56,68,1,0,0.050,0.4875,333
1311,68.24,81,1,0,0.050,0.4402,333
1312,58.00,58,1,0,0.050,0.4820,334
1313,46.73,37,1,0,0.050,0.4587,334
1314,59.45,67,1,0,0.050,0.4971,334
1315,58.18,49,1,0,0.050,0.4968,334
1316,50.94,44,1,0,0.050,0.5809,335
1317,65.10,82,1,0,0.050,0.4303,335
1318,50.94,39,1,0,0.050,0.3399,335
1319,52.24,39,1,0,0.050,0.3920,335
1320,54.41,50,1,0,0.050,0.3252,336
1321,30.03,1,1,105,0.050,0.3252,338
1322,59.28,63,1,0,0.050,0.4788,338
1323,50.35,42,1,0,0.050,0.4764,338
1324,50.23,44,1,0,0.050,0.3692,338
1325,71.87,82,1,0,0.050,0.4584,339
1326,72.25,78,1,0,0.050,0.3992,339
1327,50.70,58,1,0,0.050,0.4054,340
1328,59.59,69,1,0,0.050,0.4268,340
1329,72.95,95,1,0,0.050,0.3807,340
1330,49.52,47,1,0,0.050,0.4193,341
1331,63.36,69,1,0,0.050,0.4510,341
1332,51.24,48,1,0,0.050,0.4047,341
1333,56.41,54,1,0,0.050,0.3112,341
1334,64.40,93,1,0,0.050,0.4353,342
1335,51.31,48,1,0,0.050,0.4184,342
1336,57.82,51,1,0,0.050,0.4583,343
1337,52.17,46,1,0,0.050,0.2833,343
1338,59.44,60,1,0,0.050,0.2784,343
1339,65.45,80,1,0,0.050,0.3633,344
1340,60.98,75,1,0,0.050,0.3389,344
1341,69.96,85,1,0,0.050,0.4640,345
1342,61.14,72,1,0,0.050,0.3827,345
1343,44.32,38,1,0,0.050,0.3765,345
1344,57.89,63,1,0,0.050,0.2873,345
1345,60.04,53,1,0,0.050,0.4450,346
1346,52.64,49,1,0,0.050,0.5189,346
1347,62.50,72,1,0,0.050,0.3921,346
1348,45.44,67,1,0,0.050,0.3982,347
1349,51.57,49,1,0,0.050,0.3723,347
1350,56.34,60,1,0,0.050,0.3590,347
1351,-4.28,1,0,567,0.050,0.4627,353
1352,55.39,71,1,0,0.050,0.4357,353
1353,51.78,52,1,0,0.050,0.3890,354
1354,51.09,51,1,0,0.050,0.4289,354
1355,71.18,82,1,0,0.050,0.3124,354
1356,72.11,78,1,0,0.050,0.4862,355
1357,61.13,62,1,0,0.050,0.4506,355
1358,63.04,56,1,0,0.050,0.2377,355
1359,65.10,97,1,0,0.050,0.4481,356
1360,48.68,48,1,0,0.050,0.3443,356
1361,62.01,64,1,0,0.050,0.3519,356
1362,52.06,46,1,0,0.050,0.3504,356
1363,55.36,48,1,0,0.050,0.4073,357
1364,68.81,82,1,0,0.050,0.2849,357
1365,50.14,53,1,0,0.050,0.4012,357
1366,57.26,54,1,0,0.050,0.3556,358
1367,52.61,49,1,0,0.050,0.4426,358
1368,57.74,56,1,0,0.050,0.3206,358
1369,69.50,74,1,0,0.050,0.3245,359
1370,60.30,68,1,0,0.050,0.3374,359
1371,64.97,71,1,0,0.050,0.3898,359
1372,60.94,60,1,0,0.050,0.4242,360
1373,46.66,36,1,0,0.050,0.2978,360
1374,56.86,61,1,0,0.050,0.3373,360
1375,53.36,59,1,0,0.050,0.5174,360
1376,53.40,48,1,0,0.050,0.4404,361
1377,62.64,72,1,0,0.050,0.5967,361
1378,51.54,48,1,0,0.050,0.4303,361
1379,51.83,45,1,0,0.050,0.4199,361
1380,57.87,65,1,0,0.050,0.4079,362
1381,30.14,1,1,122,0.050,0.4079,363
1382,63.10,85,1,0,0.050,0.2909,364
1383,53.86,51,1,0,0.050,0.3680,364
1384,52.67,49,1,0,0.050,0.4295,365
1385,72.67,100,1,0,0.050,0.2767,365
1386,67.56,82,1,0,0.050,0.4060,366
1387,56.10,61,1,0,0.050,0.3853,366
1388,64.54,69,1,0,0.050,0.3608,367
1389,68.46,96,1,0,0.050,0.2556,367
1390,48.61,49,1,0,0.050,0.3208,368
1391,54.73,69,1,0,0.050,0.3768,368
1392,49.37,43,1,0,0.050,0.2948,368
1393,54.71,47,1,0,0.050,0.3799,369
1394,67.35,74,1,0,0.050,0.3906,369
1395,50.62,43,1,0,0.050,0.3947,370
1396,52.97,61,1,0,0.050,0.3865,370
1397,49.41,43,1,0,0.050,0.2455,370
1398,51.57,51,1,0,0.050,0.3729,371
1399,61.78,84,1,0,0.050,0.4254,371
1400,59.41,64,1,0,0.050,0.3642,372
1401,66.51,81,1,0,0.050,0.3684,374
1402,58.57,53,1,0,0.050,0.4901,374
1403,46.55,38,1,0,0.050,0.3205,375
1404,55.05,63,1,0,0.050,0.4335,375
1405,60.24,54,1,0,0.050,0.2969,375
1406,52.28,44,1,0,0.050,0.4293,375
1407,62.76,76,1,0,0.050,0.4030,376
1408,53.98,51,1,0,0.050,0.3351,376
1409,50.35,51,1,0,0.050,0.2964,377
1410,52.09,52,1,0,0.050,0.4037,377
1411,30.06,1,1,48,0.050,0.4037,379
1412,63.64,68,1,0,0.050,0.3026,379
1413,52.47,46,1,0,0.050,0.4301,379
1414,49.74,45,1,0,0.050,0.4418,380
1415,72.49,100,1,0,0.050,0.3893,380
1416,69.99,72,1,0,0.050,0.2638,380
1417,59.09,66,1,0,0.050,0.4357,381
1418,67.95,78,1,0,0.050,0.3693,381
1419,72.69,89,1,0,0.050,0.4525,382
1420,48.42,45,1,0,0.050,0.3247,382
1421,60.03,69,1,0,0.050,0.3665,382
1422,51.54,46,1,0,0.050,0.2969,383
1423,55.20,60,1,0,0.050,0.5337,383
1424,64.18,79,1,0,0.050,0.4212,383
1425,55.01,51,1,0,0.050,0.3544,384
1426,56.13,54,1,0,0.050,0.2908,384
1427,52.77,52,1,0,0.050,0.4855,384
1428,59.80,50,1,0,0.050,0.2673,385
1429,65.00,68,1,0,0.050,0.2589,385
1430,62.37,68,1,0,0.050,0.3409,386
1431,71.31,80,1,0,0.050,0.2930,386
1432,61.41,57,1,0,0.050,0.4236,386
1433,48.45,65,1,0,0.050,0.4077,387
1434,60.13,69,1,0,0.050,0.3586,387
1435,59.86,62,1,0,0.050,0.3630,387
1436,50.80,50,1,0,0.050,0.3771,387
1437,69.29,86,1,0,0.050,0.3469,388
1438,54.31,57,1,0,0.050,0.3187,388
1439,51.04,42,1,0,0.050,0.5478,389
1440,58.28,55,1,0,0.050,0.2933,389
1441,30.09,1,1,111,0.050,0.2952,391
1442,62.49,75,1,0,0.050,0.4576,392
1443,50.19,49,1,0,0.050,0.3842,392
1444,50.25,54,1,0,0.050,0.4472,392
1445,69.59,91,1,0,0.050,0.3733,393
1446,63.73,108,1,0,0.050,0.3291,394
1447,52.86,67,1,0,0.050,0.3587,394
1448,65.35,69,1,0,0.050,0.3087,394
1449,71.60,91,1,0,0.050,0.2730,395
1450,48.45,49,1,0,0.050,0.5959,395
1451,62.74,65,1,0,0.050,0.2396,396
1452,50.29,42,1,0,0.050,0.2746,396
1453,55.45,49,1,0,0.050,0.4364,396
1454,68.21,88,1,0,0.050,0.2596,397
1455,48.93,49,1,0,0.050,0.3376,397
1456,51.92,53,1,0,0.050,0.3642,397
1457,47.26,44,1,0,0.050,0.2762,398
1458,58.29,53,1,0,0.050,0.4099,398
1459,66.84,82,1,0,0.050,0.3700,398
1460,62.05,58,1,0,0.050,0.3324,399
1461,67.52,89,1,0,0.050,0.2958,399
1462,59.54,53,1,0,0.050,0.3265,399
1463,45.99,40,1,0,0.050,0.3368,400
1464,59.65,64,1,0,0.050,0.2858,400
1465,57.86,52,1,0,0.050,0.4220,400
1466,52.24,59,1,0,0.050,0.2991,400
1467,63.59,75,1,0,0.050,0.3850,401
1468,50.03,43,1,0,0.050,0.3489,401
1469,50.63,44,1,0,0.050,0.3361,401
1470,59.59,57,1,0,0.050,0.2924,402
1471,30.39,1,1,121,0.050,0.2924,404
1472,62.04,73,1,0,0.050,0.3167,404
1473,52.53,50,1,0,0.050,0.3615,405
1474,52.46,45,1,0,0.050,0.3437,405
1475,70.62,92,1,0,0.050,0.2959,405
1476,73.95,83,1,0,0.050,0.4259,406
1477,58.77,62,1,0,0.050,0.3138,406
1478,63.19,62,1,0,0.050,0.2824,407
1479,67.08,86,1,0,0.050,0.3575,407
1480,51.34,43,1,0,0.050,0.3366,407
1481,56.81,64,1,0,0.050,0.4466,408
1482,47.88,49,1,0,0.050,0.2907,408
1483,53.11,48,1,0,0.050,0.5261,408
1484,67.52,73,1,0,0.050,0.3787,409
1485,53.20,43,1,0,0.050,0.4005,409
1486,55.03,50,1,0,0.050,0.3817,409
1487,51.21,42,1,0,0.050,0.2702,409
1488,56.02,54,1,0,0.050,0.3646,410
1489,68.26,70,1,0,0.050,0.3359,410
1490,59.54,71,1,0,0.050,0.2300,410
1491,69.56,90,1,0,0.050,0.3715,411
1492,61.88,67,1,0,0.050,0.4018,411
1493,45.36,44,1,0,0.050,0.3006,412
1494,57.32,60,1,0,0.050,0.3267,412
1495,57.71,54,1,0,0.050,0.4864,412
1496,55.05,46,1,0,0.050,0.4189,413
1497,63.72,75,1,0,0.050,0.3926,413
1498,51.50,46,1,0,0.050,0.3307,414
1499,51.65,41,1,0,0.050,0.3871,414
1500,56.81,58,1,0,0.050,0.3975,414
1501,30.43,1,1,275,0.050,0.3975,417
1502,57.10,78,1,0,0.050,0.2551,417
1503,53.30,46,1,0,0.050,0.3028,417
1504,52.14,43,1,0,0.050,0.4299,417
1505,71.09,72,1,0,0.050,0.2877,418
1506,72.40,75,1,0,0.050,0.2089,418
1507,56.98,61,1,0,0.050,0.3679,419
1508,63.11,63,1,0,0.050,0.3878,419
1509,54.27,55,1,0,0.050,0.3110,419
1510,-19.68,84,1,19,0.050,0.5677,420
1511,-737.19,240,1,173,0.050,0.3052,421
1512,56.34,59,1,0,0.050,0.4132,422
1513,55.32,64,1,0,0.050,0.4236,422
1514,62.51,57,1,0,0.050,0.3460,423
1515,50.88,43,1,0,0.050,0.3600,423
1516,57.14,59,1,0,0.050,0.3800,423
1517,54.32,45,1,0,0.050,0.5152,424
1518,7.38,83,1,12,0.050,0.5083,424
1519,51.73,44,1,0,0.050,0.3065,424
1520,69.67,71,1,0,0.050,0.4074,425
1521,63.99,82,1,0,0.050,0.3065,425
1522,62.75,65,1,0,0.050,0.4193,426
1523,-430.56,166,1,112,0.050,0.4525,427
1524,-633.03,242,1,157,0.050,0.3379,428
1525,18.54,57,1,7,0.050,0.4094,429
1526,52.70,58,1,0,0.050,0.6240,429
1527,56.85,50,1,0,0.050,0.3080,429
1528,-563.37,204,1,142,0.050,0.4650,431
1529,70.13,89,1,0,0.050,0.6107,431
1530,55.14,60,1,0,0.050,0.5485,432
1531,30.18,1,1,188,0.050,0.5485,434
1532,64.53,85,1,0,0.050,0.5585,435
1533,68.56,66,1,0,0.050,0.3142,435
1534,-351.54,240,1,85,0.050,0.5612,437
1535,55.70,62,1,0,0.050,0.4619,437
1536,-22.42,84,1,17,0.050,0.3734,438
1537,-460.64,183,1,120,0.050,0.5540,439
1538,55.76,56,1,0,0.050,0.3674,439
1539,57.29,67,1,0,0.050,0.3547,439
1540,61.74,68,1,0,0.050,0.7975,440
1541,54.11,51,1,0,0.050,0.4129,440
1542,58.85,70,1,0,0.050,0.3998,441
1543,55.13,51,1,0,0.050,0.4316,441
1544,20.38,127,1,0,0.050,0.4234,442
1545,50.63,40,1,0,0.050,0.4091,442
1546,69.30,80,1,0,0.050,0.7391,443
1547,69.59,74,1,0,0.050,0.4364,443
1548,62.82,57,1,0,0.050,0.8096,443
1549,-62.71,80,1,25,0.050,1.4360,444
1550,-210.72,600,0,11,0.050,0.4804,448
1551,34.70,59,1,4,0.050,0.5081,448
1552,57.25,51,1,0,0.050,0.8603,448
1553,60.86,56,1,0,0.050,0.3205,449
1554,49.61,69,1,1,0.050,0.4511,449
1555,68.53,81,1,0,0.050,0.5430,450
1556,59.10,75,1,0,0.050,0.9377,450
1557,-184.61,150,1,55,0.050,0.7230,451
1558,66.47,66,1,0,0.050,0.4737,452
1559,59.23,71,1,0,0.050,0.5250,452
1560,55.13,60,1,0,0.050,0.7650,452
1561,-4.72,1,0,270,0.050,0.7650,457
1562,63.36,63,1,0,0.050,1.1152,457
1563,64.81,75,1,0,0.050,0.8144,458
1564,-1022.65,420,1,228,0.050,0.5510,461
1565,-73.87,195,1,29,0.050,0.9022,462
1566,20.50,83,1,7,0.050,0.5611,463
1567,-281.82,203,1,77,0.050,0.6795,464
1568,57.43,66,1,0,0.050,0.4108,464
1569,58.97,56,1,0,0.050,0.5268,465
1570,61.97,56,1,0,0.050,0.8933,465
1571,52.30,53,1,0,0.050,0.5737,465
1572,57.67,56,1,0,0.050,0.9320,466
1573,53.67,48,1,0,0.050,0.8726,466
1574,-43.35,82,1,25,0.050,0.8730,467
1575,30.59,66,1,5,0.050,0.7727,467
1576,68.77,76,1,0,0.050,0.6139,467
1577,65.26,85,1,0,0.050,0.8073,468
1578,59.36,70,1,0,0.050,1.0515,468
1579,-126.08,131,1,38,0.050,1.1474,469
1580,-550.25,600,0,104,0.050,0.4984,473
1581,43.98,47,1,2,0.050,1.3653,473
1582,53.45,50,1,0,0.050,0.7144,474
1583,58.73,61,1,0,0.050,0.8020,474
1584,41.20,77,1,3,0.050,0.7526,475
1585,71.89,89,1,0,0.050,0.5339,475
1586,60.10,58,1,0,0.050,1.3781,476
1587,-433.01,241,1,113,0.050,0.6182,477
1588,64.64,63,1,0,0.050,1.1028,478
1589,57.20,54,1,0,0.050,0.7550,478
1590,-7.28,69,1,12,0.050,0.7421,478
1591,61.02,58,1,0,0.050,0.0000,4
1592,60.07,71,1,0,0.050,0.0000,4
1593,51.25,47,1,0,0.050,0.0000,4
1594,49.67,43,1,0,0.050,0.0000,4
1595,53.03,62,1,0,0.050,0.0000,4
1596,58.60,55,1,0,0.050,0.0000,4
1597,66.14,72,1,0,0.050,0.0000,5
1598,69.09,82,1,0,0.050,0.0000,5
1599,63.59,84,1,0,0.050,0.0000,5
1600,52.48,51,1,0,0.050,0.0000,5
1601,70.24,74,1,0,0.050,0.0000,5
1602,50.45,38,1,0,0.050,0.0000,5
1603,55.12,48,1,0,0.050,0.0000,5
1604,49.71,38,1,0,0.050,0.0000,5
1605,62.09,57,1,0,0.050,0.0000,6
1606,65.39,73,1,0,0.050,0.0000,6
1607,53.73,45,1,0,0.050,0.0000,6
1608,45.38,37,1,0,0.050,0.5325,6
1609,40.90,114,1,0,0.050,0.2806,7
1610,60.73,67,1,0,0.050,0.5058,7
1611,47.38,54,1,0,0.050,0.3762,8
1612,52.87,48,1,0,0.050,0.2925,8
1613,57.59,60,1,0,0.050,0.3451,8
1614,60.27,74,1,0,0.050,0.2416,9
1615,51.71,63,1,0,0.050,0.2097,9
1616,51.34,56,1,0,0.050,0.3140,10
1617,50.59,65,1,0,0.050,0.3017,10
1618,51.54,52,1,0,0.050,0.3194,11
1619,53.21,61,1,0,0.050,0.3621,11
1620,52.46,57,1,0,0.050,0.1250,11
1621,30.40,1,1,163,0.050,0.1250,16
1622,61.20,77,1,0,0.050,0.2683,16
1623,44.14,59,1,0,0.050,0.1608,17
1624,47.21,45,1,0,0.050,0.1665,17
1625,70.39,111,1,0,0.050,0.1615,18
1626,65.54,101,1,0,0.050,0.2084,18
1627,52.11,58,1,0,0.050,0.1253,19
1628,62.15,78,1,0,0.050,0.1819,19
1629,71.20,80,1,0,0.050,0.3148,20
1630,43.26,46,1,0,0.050,0.1961,20
1631,51.87,72,1,0,0.050,0.2011,20
1632,40.12,78,1,0,0.050,0.2278,21
1633,50.96,61,1,0,0.050,0.1539,21
1634,65.25,102,1,0,0.050,0.2923,22
1635,50.19,43,1,0,0.050,0.1502,22
1636,48.88,63,1,0,0.050,0.1693,23
1637,53.12,43,1,0,0.050,0.3368,23
1638,53.47,54,1,0,0.050,0.2320,23
1639,56.06,119,1,0,0.050,0.1725,24
1640,55.39,67,1,0,0.050,0.2146,24
1641,64.86,107,1,0,0.050,0.2140,25
1642,51.37,82,1,0,0.050,0.1608,25
1643,43.80,50,1,0,0.050,0.2318,25
1644,54.36,74,1,0,0.050,0.2103,26
1645,54.45,64,1,0,0.050,0.2544,26
1646,50.57,56,1,0,0.050,0.1605,26
1647,55.71,81,1,0,0.050,0.1756,27
1648,44.77,51,1,0,0.050,0.1527,27
1649,48.52,50,1,0,0.050,0.2963,27
1650,51.13,66,1,0,0.050,0.1514,28
1651,0.35,1,0,353,0.050,0.1514,34
1652,56.98,84,1,0,0.050,0.1918,34
1653,45.53,51,1,0,0.050,0.1531,35
1654,45.18,63,1,0,0.050,0.2272,35
1655,66.96,80,1,0,0.050,0.2160,35
1656,61.84,92,1,0,0.050,0.1449,36
1657,56.30,63,1,0,0.050,0.1882,36
1658,58.89,91,1,0,0.050,0.1883,37
1659,61.98,78,1,0,0.050,0.2113,37
1660,46.80,52,1,0,0.050,0.2072,37
1661,58.52,62,1,0,0.050,0.1928,38
1662,51.35,47,1,0,0.050,0.2604,38
1663,54.61,50,1,0,0.050,0.1391,38
1664,65.01,92,1,0,0.050,0.2457,39
1665,49.15,61,1,0,0.050,0.1727,39
1666,56.63,72,1,0,0.050,0.1678,39
1667,51.67,52,1,0,0.050,0.2014,40
1668,53.18,78,1,0,0.050,0.1229,40
1669,60.28,109,1,0,0.050,0.1300,40
1670,55.07,57,1,0,0.050,0.1049,41
1671,67.97,91,1,0,0.050,0.1226,41
1672,56.50,52,1,0,0.050,0.2847,41
1673,51.41,64,1,0,0.050,0.1746,42
1674,56.23,55,1,0,0.050,0.1974,42
1675,57.28,58,1,0,0.050,0.1618,42
1676,51.62,65,1,0,0.050,0.1460,43
1677,51.42,68,1,0,0.050,0.2374,43
1678,50.57,45,1,0,0.050,0.2335,43
1679,47.80,40,1,0,0.050,0.1614,43
1680,54.89,46,1,0,0.050,0.2291,44
1681,30.10,1,1,150,0.050,0.2291,46
1682,57.30,80,1,0,0.050,0.1863,47
1683,49.35,53,1,0,0.050,0.2007,47
1684,50.62,42,1,0,0.050,0.2673,47
1685,67.94,77,1,0,0.050,0.1967,48
1686,65.42,75,1,0,0.050,0.1662,48
1687,55.58,59,1,0,0.050,0.1313,48
1688,62.19,60,1,0,0.050,0.1455,49
1689,66.52,97,1,0,0.050,0.2391,49
1690,45.61,43,1,0,0.050,0.2019,49
1691,58.91,75,1,0,0.050,0.1449,50
1692,51.95,54,1,0,0.050,0.1440,50
1693,55.73,52,1,0,0.050,0.2008,50
1694,59.79,81,1,0,0.050,0.2053,51
1695,48.76,44,1,0,0.050,0.1826,51
1696,44.82,64,1,0,0.050,0.1746,51
1697,51.06,58,1,0,0.050,0.2285,51
1698,56.07,66,1,0,0.050,0.1972,52
1699,64.77,83,1,0,0.050,0.1546,52
1700,53.78,84,1,0,0.050,0.1991,53
1701,67.99,100,1,0,0.050,0.1928,53
1702,50.31,68,1,0,0.050,0.2541,53
1703,45.96,31,1,0,0.050,0.1444,54
1704,58.95,57,1,0,0.050,0.2324,54
1705,56.98,51,1,0,0.050,0.2983,54
1706,55.68,70,1,0,0.050,0.1524,54
1707,68.85,76,1,0,0.050,0.3080,55
1708,49.99,54,1,0,0.050,0.1944,55
1709,46.57,50,1,0,0.050,0.1786,55
1710,55.13,48,1,0,0.050,0.1583,56
1711,31.70,6,1,124,0.050,0.2001,60
1712,60.86,78,1,0,0.050,0.2657,60
1713,52.62,60,1,0,0.050,0.1943,60
1714,50.83,43,1,0,0.050,0.1931,60
1715,66.02,90,1,0,0.050,0.1521,61
1716,68.18,96,1,0,0.050,0.1402,61
1717,58.87,55,1,0,0.050,0.1547,62
1718,64.07,68,1,0,0.050,0.1816,62
1719,72.63,80,1,0,0.050,0.2117,62
1720,48.37,43,1,0,0.050,0.2902,63
1721,60.12,68,1,0,0.050,0.1516,63
1722,52.13,40,1,0,0.050,0.1388,63
1723,55.85,49,1,0,0.050,0.1730,63
1724,61.85,67,1,0,0.050,0.2046,64
1725,50.98,44,1,0,0.050,0.2225,64
1726,53.40,48,1,0,0.050,0.3277,64
1727,52.42,48,1,0,0.050,0.1785,64
1728,57.03,56,1,0,0.050,0.1962,65
1729,65.32,67,1,0,0.050,0.2014,65
1730,58.79,73,1,0,0.050,0.2725,66
1731,70.31,82,1,0,0.050,0.2799,66
1732,55.85,66,1,0,0.050,0.1870,66
1733,48.63,43,1,0,0.050,0.1891,67
1734,60.07,61,1,0,0.050,0.1688,67
1735,54.97,52,1,0,0.050,0.1565,67
1736,56.08,47,1,0,0.050,0.2663,68
1737,58.61,58,1,0,0.050,0.2318,68
1738,49.87,40,1,0,0.050,0.1829,68
1739,51.12,50,1,0,0.050,0.2489,68
1740,53.72,50,1,0,0.050,0.2209,69
1741,-4.30,1,0,556,0.050,0.2209,74
1742,65.38,68,1,0,0.050,0.2410,74
1743,50.25,45,1,0,0.050,0.1974,75
1744,46.47,63,1,0,0.050,0.1697,75
1745,70.01,75,1,0,0.050,0.2988,75
1746,63.72,100,1,0,0.050,0.2115,76
1747,59.26,62,1,0,0.050,0.2083,76
1748,62.56,58,1,0,0.050,0.2225,76
1749,74.97,98,1,0,0.050,0.2632,77
1750,48.33,47,1,0,0.050,0.2145,77
1751,60.05,58,1,0,0.050,0.1912,78
1752,47.99,41,1,0,0.050,0.2694,78
1753,55.62,48,1,0,0.050,0.3230,78
1754,67.50,79,1,0,0.050,0.2345,79
1755,53.35,67,1,0,0.050,0.2053,79
1756,48.13,63,1,0,0.050,0.2294,79
1757,52.54,44,1,0,0.050,0.1797,79
1758,57.58,48,1,0,0.050,0.2579,80
1759,63.80,67,1,0,0.050,0.2668,80
1760,60.48,66,1,0,0.050,0.2092,80
1761,59.56,100,1,0,0.050,0.1535,81
1762,57.29,61,1,0,0.050,0.1799,81
1763,47.89,42,1,0,0.050,0.2372,82
1764,56.83,55,1,0,0.050,0.2206,82
1765,53.23,50,1,0,0.050,0.2109,82
1766,54.26,46,1,0,0.050,0.2449,83
1767,64.22,71,1,0,0.050,0.2424,83
1768,46.40,47,1,0,0.050,0.1888,84
1769,48.33,59,1,0,0.050,0.2305,84
1770,57.32,52,1,0,0.050,0.2469,84
1771,31.23,8,1,60,0.050,0.2129,86
1772,65.16,64,1,0,0.050,0.2213,87
1773,50.51,49,1,0,0.050,0.1611,87
1774,47.80,44,1,0,0.050,0.2264,87
1775,69.74,86,1,0,0.050,0.2944,88
1776,70.12,86,1,0,0.050,0.2963,88
1777,58.56,56,1,0,0.050,0.2189,88
1778,63.26,70,1,0,0.050,0.2758,89
1779,68.46,89,1,0,0.050,0.2306,89
1780,48.67,44,1,0,0.050,0.2733,90
1781,59.19,57,1,0,0.050,0.2005,90
1782,47.03,41,1,0,0.050,0.2278,90
1783,57.64,60,1,0,0.050,0.2034,91
1784,61.05,88,1,0,0.050,0.3421,91
1785,50.92,46,1,0,0.050,0.2854,91
1786,51.69,51,1,0,0.050,0.1958,92
1787,52.71,53,1,0,0.050,0.2986,92
1788,57.38,51,1,0,0.050,0.1896,92
1789,62.84,76,1,0,0.050,0.2475,93
1790,56.90,73,1,0,0.050,0.2396,93
1791,70.94,93,1,0,0.050,0.2443,94
1792,59.05,57,1,0,0.050,0.2239,94
1793,46.72,41,1,0,0.050,0.1699,94
1794,58.01,57,1,0,0.050,0.2216,94
1795,56.31,66,1,0,0.050,0.2763,95
1796,52.47,47,1,0,0.050,0.1909,95
1797,64.34,83,1,0,0.050,0.2956,95
1798,53.96,51,1,0,0.050,0.1489,96
1799,48.32,44,1,0,0.050,0.2837,96
1800,50.36,72,1,0,0.050,0.2900,96
1801,30.26,1,1,129,0.050,0.2900,101
1802,60.77,102,1,0,0.050,0.3075,102
1803,46.14,53,1,0,0.050,0.1972,102
1804,51.08,61,1,0,0.050,0.2779,102
1805,67.94,87,1,0,0.050,0.2553,103
1806,65.46,79,1,0,0.050,0.2306,103
1807,56.22,54,1,0,0.050,0.1625,103
1808,64.87,80,1,0,0.050,0.2599,104
1809,72.36,92,1,0,0.050,0.3115,104
1810,49.44,47,1,0,0.050,0.1747,105
1811,61.37,62,1,0,0.050,0.2952,105
1812,52.08,41,1,0,0.050,0.2010,105
1813,54.37,51,1,0,0.050,0.2534,106
1814,63.67,87,1,0,0.050,0.1906,106
1815,53.10,46,1,0,0.050,0.2711,106
1816,58.23,67,1,0,0.050,0.1520,107
1817,53.50,54,1,0,0.050,0.2123,107
1818,58.48,55,1,0,0.050,0.2009,107
1819,65.09,69,1,0,0.050,0.2232,108
1820,57.13,58,1,0,0.050,0.3338,108
1821,66.87,78,1,0,0.050,0.2407,108
1822,56.69,63,1,0,0.050,0.2754,109
1823,48.82,37,1,0,0.050,0.2305,109
1824,60.18,66,1,0,0.050,0.2293,109
1825,55.13,60,1,0,0.050,0.1356,109
1826,54.05,47,1,0,0.050,0.1666,110
1827,63.39,67,1,0,0.050,0.1883,110
1828,50.80,44,1,0,0.050,0.2020,110
1829,47.64,40,1,0,0.050,0.1679,111
1830,56.39,51,1,0,0.050,0.1929,111
1831,-4.24,1,0,578,0.050,0.1929,114
1832,62.47,71,1,0,0.050,0.2164,114
1833,50.42,49,1,0,0.050,0.2019,115
1834,52.53,46,1,0,0.050,0.2092,115
1835,71.43,73,1,0,0.050,0.2853,115
1836,68.27,74,1,0,0.050,0.3614,116
1837,60.61,69,1,0,0.050,0.2729,116
1838,60.58,61,1,0,0.050,0.1766,116
1839,69.41,80,1,0,0.050,0.2479,117
1840,50.99,43,1,0,0.050,0.2517,117
1841,62.88,58,1,0,0.050,0.2410,117
1842,52.15,40,1,0,0.050,0.1814,117
1843,56.74,56,1,0,0.050,0.2183,118
1844,61.23,88,1,0,0.050,0.2821,118
1845,53.76,52,1,0,0.050,0.2314,118
1846,54.19,46,1,0,0.050,0.2812,119
1847,51.68,42,1,0,0.050,0.2054,119
1848,53.41,50,1,0,0.050,0.2353,119
1849,67.54,72,1,0,0.050,0.2045,120
1850,57.17,67,1,0,0.050,0.1673,120
1851,67.98,86,1,0,0.050,0.2313,120
1852,58.28,49,1,0,0.050,0.2738,121
1853,46.62,39,1,0,0.050,0.2911,121
1854,60.70,60,1,0,0.050,0.3166,121
1855,59.95,64,1,0,0.050,0.1817,121
1856,53.08,47,1,0,0.050,0.2906,122
1857,66.45,75,1,0,0.050,0.2701,122
1858,48.86,56,1,0,0.050,0.3142,122
1859,46.39,54,1,0,0.050,0.2879,123
1860,53.64,55,1,0,0.050,0.3215,123
1861,30.28,1,1,83,0.050,0.1955,126
1862,62.98,79,1,0,0.050,0.1941,126
1863,51.19,46,1,0,0.050,0.2097,126
1864,51.32,47,1,0,0.050,0.2384,127
1865,72.08,71,1,0,0.050,0.1543,127
1866,67.89,80,1,0,0.050,0.2664,127
1867,53.99,53,1,0,0.050,0.3205,128
1868,56.87,59,1,0,0.050,0.2269,128
1869,77.58,91,1,0,0.050,0.2311,128
1870,48.59,40,1,0,0.050,0.2074,129
1871,63.80,71,1,0,0.050,0.2056,129
1872,48.92,48,1,0,0.050,0.2015,129
1873,57.47,50,1,0,0.050,0.3152,129
1874,70.14,89,1,0,0.050,0.2937,130
1875,54.60,44,1,0,0.050,0.1744,130
1876,55.13,66,1,0,0.050,0.1853,130
1877,50.47,45,1,0,0.050,0.2654,131
1878,57.52,64,1,0,0.050,0.2424,131
1879,66.07,76,1,0,0.050,0.2561,131
1880,62.01,60,1,0,0.050,0.2371,132
1881,69.95,82,1,0,0.050,0.1864,132
1882,60.68,57,1,0,0.050,0.2270,132
1883,48.48,46,1,0,0.050,0.2532,133
1884,59.36,66,1,0,0.050,0.2966,133
1885,55.80,71,1,0,0.050,0.2885,133
1886,53.77,45,1,0,0.050,0.1799,134
1887,62.56,74,1,0,0.050,0.2082,134
1888,51.75,48,1,0,0.050,0.1974,134
1889,50.94,47,1,0,0.050,0.2255,134
1890,54.90,47,1,0,0.050,0.1460,135
1891,30.19,1,1,66,0.050,0.1460,136
1892,66.80,71,1,0,0.050,0.2381,137
1893,48.79,41,1,0,0.050,0.1960,137
1894,52.71,57,1,0,0.050,0.2508,137
1895,69.82,88,1,0,0.050,0.2605,138
1896,65.06,86,1,0,0.050,0.2525,138
1897,54.52,59,1,0,0.050,0.2006,139
1898,61.44,65,1,0,0.050,0.2315,139
1899,71.53,96,1,0,0.050,0.1527,139
1900,51.00,48,1,0,0.050,0.1708,140
1901,62.70,58,1,0,0.050,0.1336,140
1902,52.02,48,1,0,0.050,0.1655,140
1903,59.69,60,1,0,0.050,0.2308,140
1904,64.40,82,1,0,0.050,0.2432,141
1905,51.26,46,1,0,0.050,0.1707,141
1906,51.44,52,1,0,0.050,0.2130,141
1907,52.52,49,1,0,0.050,0.2058,142
1908,55.62,64,1,0,0.050,0.1976,142
1909,66.33,75,1,0,0.050,0.2894,142
1910,60.21,76,1,0,0.050,0.2731,143
1911,69.34,74,1,0,0.050,0.2401,143
1912,57.72,54,1,0,0.050,0.1825,143
1913,43.89,37,1,0,0.050,0.2607,144
1914,55.53,67,1,0,0.050,0.1921,144
1915,54.21,57,1,0,0.050,0.1904,144
1916,49.78,59,1,0,0.050,0.2200,145
1917,65.48,83,1,0,0.050,0.1853,145
1918,51.28,51,1,0,0.050,0.1944,146
1919,50.04,50,1,0,0.050,0.2434,146
1920,54.33,56,1,0,0.050,0.2608,146
1921,-4.67,1,0,563,0.050,0.2608,149
1922,64.77,73,1,0,0.050,0.2257,150
1923,53.60,48,1,0,0.050,0.2093,150
1924,49.58,45,1,0,0.050,0.1535,150
1925,69.88,96,1,0,0.050,0.1714,151
1926,67.47,84,1,0,0.050,0.2137,151
1927,56.90,59,1,0,0.050,0.1214,151
1928,63.62,57,1,0,0.050,0.1810,152
1929,70.32,80,1,0,0.050,0.2921,152
1930,49.47,44,1,0,0.050,0.1706,152
1931,56.78,50,1,0,0.050,0.2187,152
1932,50.98,45,1,0,0.050,0.1715,153
1933,52.97,50,1,0,0.050,0.2577,153
1934,59.00,91,1,0,0.050,0.2959,154
1935,51.15,39,1,0,0.050,0.1844,154
1936,52.44,53,1,0,0.050,0.2235,154
1937,53.17,49,1,0,0.050,0.2673,154
1938,57.17,57,1,0,0.050,0.1832,155
1939,69.91,72,1,0,0.050,0.2505,155
1940,59.77,57,1,0,0.050,0.1839,155
1941,69.93,89,1,0,0.050,0.2225,156
1942,58.37,53,1,0,0.050,0.2332,156
1943,46.62,39,1,0,0.050,0.2238,157
1944,63.26,65,1,0,0.050,0.1694,157
1945,55.20,61,1,0,0.050,0.1994,157
1946,55.07,52,1,0,0.050,0.1993,157
1947,67.03,70,1,0,0.050,0.2014,158
1948,52.55,41,1,0,0.050,0.2266,158
1949,46.92,39,1,0,0.050,0.2637,158
1950,54.59,54,1,0,0.050,0.2152,158
1951,-4.32,1,0,566,0.050,0.2152,162
1952,61.87,92,1,0,0.050,0.2202,163
1953,54.57,65,1,0,0.050,0.1812,163
1954,51.85,49,1,0,0.050,0.1904,163
1955,73.34,94,1,0,0.050,0.2001,164
1956,66.13,76,1,0,0.050,0.2758,164
1957,56.91,56,1,0,0.050,0.2724,165
1958,65.28,66,1,0,0.050,0.1380,165
1959,69.82,94,1,0,0.050,0.2122,165
1960,52.89,78,1,0,0.050,0.2518,166
1961,63.22,59,1,0,0.050,0.2125,166
1962,52.97,47,1,0,0.050,0.2397,166
1963,57.55,51,1,0,0.050,0.2269,167
1964,67.28,80,1,0,0.050,0.1509,167
1965,51.85,40,1,0,0.050,0.1977,167
1966,52.00,44,1,0,0.050,0.2315,167
1967,54.50,45,1,0,0.050,0.2172,168
1968,57.68,56,1,0,0.050,0.1829,168
1969,64.13,70,1,0,0.050,0.1649,168
1970,59.08,53,1,0,0.050,0.2707,169
1971,69.76,76,1,0,0.050,0.2358,169
1972,57.39,52,1,0,0.050,0.2415,169
1973,48.29,43,1,0,0.050,0.1648,169
1974,63.20,64,1,0,0.050,0.1874,170
1975,56.11,51,1,0,0.050,0.1672,170
1976,54.88,44,1,0,0.050,0.2112,170
1977,63.43,70,1,0,0.050,0.1778,171
1978,51.31,42,1,0,0.050,0.2269,171
1979,51.07,42,1,0,0.050,0.1312,171
1980,55.17,47,1,0,0.050,0.2006,171
1981,30.08,1,1,195,0.050,0.2006,173
1982,60.25,72,1,0,0.050,0.2199,174
1983,52.18,43,1,0,0.050,0.2017,174
1984,55.48,54,1,0,0.050,0.1988,174
1985,73.86,84,1,0,0.050,0.1931,175
1986,71.71,78,1,0,0.050,0.2079,175
1987,64.06,71,1,0,0.050,0.3076,175
1988,60.88,65,1,0,0.050,0.2056,176
1989,64.14,95,1,0,0.050,0.2785,176
1990,46.28,49,1,0,0.050,0.1948,176
1991,58.12,60,1,0,0.050,0.2043,177
1992,47.18,42,1,0,0.050,0.1563,177
1993,56.08,52,1,0,0.050,0.1967,177
1994,67.06,80,1,0,0.050,0.2480,178
1995,50.46,36,1,0,0.050,0.1964,178
1996,55.69,48,1,0,0.050,0.2272,178
1997,52.32,41,1,0,0.050,0.3224,178
1998,56.20,56,1,0,0.050,0.1552,179
1999,69.94,79,1,0,0.050,0.1905,179
2000,61.52,59,1,0,0.050,0.1579,179
2001,70.66,84,1,0,0.050,0.2212,180
2002,60.26,53,1,0,0.050,0.2214,180
2003,45.58,37,1,0,0.050,0.2749,180
2004,57.15,72,1,0,0.050,0.2765,180
2005,55.89,64,1,0,0.050,0.2095,181
2006,54.45,53,1,0,0.050,0.1486,181
2007,71.13,81,1,0,0.050,0.2155,182
2008,49.11,41,1,0,0.050,0.2473,182
2009,49.80,48,1,0,0.050,0.2351,182
2010,54.82,46,1,0,0.050,0.1278,182
2011,30.12,1,1,63,0.050,0.1278,184
2012,62.27,62,1,0,0.050,0.1946,185
2013,53.36,57,1,0,0.050,0.2358,185
2014,48.50,43,1,0,0.050,0.2177,185
2015,63.59,104,1,0,0.050,0.1944,186
2016,71.21,98,1,0,0.050,0.1793,186
2017,58.68,55,1,0,0.050,0.1983,187
2018,62.60,58,1,0,0.050,0.2451,187
2019,73.00,87,1,0,0.050,0.1780,187
2020,51.45,41,1,0,0.050,0.1405,188
2021,60.07,56,1,0,0.050,0.2261,188
2022,50.78,41,1,0,0.050,0.1572,188
2023,57.53,51,1,0,0.050,0.1561,188
2024,63.80,77,1,0,0.050,0.1862,189
2025,50.66,47,1,0,0.050,0.2418,189
2026,55.98,58,1,0,0.050,0.1939,189
2027,52.38,43,1,0,0.050,0.1621,189
2028,58.75,63,1,0,0.050,0.2648,190
2029,71.16,94,1,0,0.050,0.2437,190
2030,58.68,63,1,0,0.050,0.2765,191
2031,66.91,94,1,0,0.050,0.2435,191
2032,58.25,54,1,0,0.050,0.2541,191
2033,45.76,38,1,0,0.050,0.2023,192
2034,54.82,63,1,0,0.050,0.1794,192
2035,58.45,50,1,0,0.050,0.1988,192
2036,52.39,48,1,0,0.050,0.2008,192
2037,66.50,68,1,0,0.050,0.1857,193
2038,49.72,39,1,0,0.050,0.2525,193
2039,50.58,40,1,0,0.050,0.2374,193
2040,55.23,48,1,0,0.050,0.1989,193
2041,-4.26,1,0,534,0.050,0.1989,198
2042,63.04,62,1,0,0.050,0.1751,199
2043,50.48,40,1,0,0.050,0.3170,199
2044,49.11,40,1,0,0.050,0.2732,199
2045,72.17,81,1,0,0.050,0.2334,199
2046,69.33,75,1,0,0.050,0.1779,200
2047,57.45,54,1,0,0.050,0.2566,200
2048,58.45,65,1,0,0.050,0.3019,200
2049,70.85,121,1,0,0.050,0.1859,201
2050,45.64,47,1,0,0.050,0.3000,201
2051,62.51,74,1,0,0.050,0.2865,202
2052,50.63,47,1,0,0.050,0.1776,202
2053,56.92,54,1,0,0.050,0.2857,202
2054,71.36,89,1,0,0.050,0.2046,203
2055,52.66,53,1,0,0.050,0.2039,203
2056,53.86,51,1,0,0.050,0.1752,203
2057,50.30,44,1,0,0.050,0.2004,203
2058,53.82,52,1,0,0.050,0.1860,203
2059,67.61,85,1,0,0.050,0.2892,204
2060,57.15,65,1,0,0.050,0.2374,204
2061,67.87,95,1,0,0.050,0.3395,205
2062,59.22,54,1,0,0.050,0.1874,205
2063,46.90,39,1,0,0.050,0.2348,205
2064,50.77,66,1,0,0.050,0.2341,206
2065,53.90,62,1,0,0.050,0.2550,206
2066,54.59,54,1,0,0.050,0.1711,206
2067,66.69,74,1,0,0.050,0.2284,207
2068,53.07,50,1,0,0.050,0.1616,207
2069,51.59,43,1,0,0.050,0.2056,207
2070,55.54,52,1,0,0.050,0.2082,208
2071,30.28,1,1,404,0.050,0.2082,212
2072,61.54,67,1,0,0.050,0.1456,212
2073,51.44,45,1,0,0.050,0.2041,212
2074,50.51,40,1,0,0.050,0.1678,212
2075,68.72,77,1,0,0.050,0.2057,213
2076,69.37,72,1,0,0.050,0.2133,213
2077,55.41,50,1,0,0.050,0.2448,213
2078,59.55,66,1,0,0.050,0.1190,214
2079,72.70,87,1,0,0.050,0.1768,214
2080,51.81,45,1,0,0.050,0.2117,214
2081,62.30,60,1,0,0.050,0.2086,215
2082,53.17,44,1,0,0.050,0.1604,215
2083,59.81,52,1,0,0.050,0.1339,215
2084,70.02,83,1,0,0.050,0.2623,216
2085,49.31,39,1,0,0.050,0.1668,216
2086,53.75,57,1,0,0.050,0.2469,216
2087,49.19,45,1,0,0.050,0.1766,216
2088,55.25,69,1,0,0.050,0.2465,217
2089,64.29,82,1,0,0.050,0.2699,217
2090,58.07,62,1,0,0.050,0.1717,217
2091,66.63,92,1,0,0.050,0.2460,218
2092,58.12,53,1,0,0.050,0.1755,218
2093,44.09,33,1,0,0.050,0.2387,218
2094,57.32,57,1,0,0.050,0.1966,218
2095,58.02,53,1,0,0.050,0.1461,219
2096,50.94,48,1,0,0.050,0.2342,219
2097,65.68,61,1,0,0.050,0.1713,219
2098,50.17,39,1,0,0.050,0.2504,219
2099,49.56,42,1,0,0.050,0.2706,220
2100,55.23,49,1,0,0.050,0.2006,220
2101,30.34,1,1,427,0.050,0.2006,222
2102,63.16,80,1,0,0.050,0.2267,223
2103,53.22,44,1,0,0.050,0.2451,223
2104,55.44,55,1,0,0.050,0.2442,223
2105,67.37,80,1,0,0.050,0.2510,224
2106,64.61,90,1,0,0.050,0.2480,224
2107,58.58,65,1,0,0.050,0.1705,225
2108,56.90,68,1,0,0.050,0.1891,225
2109,70.85,107,1,0,0.050,0.2052,225
2110,50.54,48,1,0,0.050,0.1541,226
2111,62.20,68,1,0,0.050,0.2036,226
2112,50.69,46,1,0,0.050,0.2791,226
2113,58.26,50,1,0,0.050,0.1276,227
2114,69.74,115,1,0,0.050,0.1552,227
2115,53.27,44,1,0,0.050,0.1809,227
2116,55.08,49,1,0,0.050,0.2409,228
2117,46.17,96,1,0,0.050,0.2395,228
2118,59.37,55,1,0,0.050,0.1977,228
2119,66.68,72,1,0,0.050,0.2366,229
2120,64.24,73,1,0,0.050,0.1958,229
2121,70.84,75,1,0,0.050,0.2916,230
2122,60.04,58,1,0,0.050,0.1578,230
2123,45.74,39,1,0,0.050,0.2387,230
2124,62.79,70,1,0,0.050,0.2194,230
2125,56.81,53,1,0,0.050,0.2440,231
2126,55.92,64,1,0,0.050,0.2097,231
2127,61.97,74,1,0,0.050,0.2219,231
2128,49.10,42,1,0,0.050,0.2311,232
2129,48.52,38,1,0,0.050,0.1645,232
2130,53.55,49,1,0,0.050,0.2121,232
2131,-4.41,1,0,551,0.050,0.2121,236
2132,63.72,71,1,0,0.050,0.2408,236
2133,52.18,41,1,0,0.050,0.2139,236
2134,54.84,65,1,0,0.050,0.1999,237
2135,73.61,86,1,0,0.050,0.1500,237
2136,70.82,88,1,0,0.050,0.2019,237
2137,59.53,55,1,0,0.050,0.3177,238
2138,62.06,58,1,0,0.050,0.2538,238
2139,74.39,86,1,0,0.050,0.2561,238
2140,51.20,52,1,0,0.050,0.3219,239
2141,60.46,75,1,0,0.050,0.2502,239
2142,51.37,57,1,0,0.050,0.2693,239
2143,59.56,72,1,0,0.050,0.1847,240
2144,67.57,77,1,0,0.050,0.1889,240
2145,50.02,44,1,0,0.050,0.2300,240
2146,52.00,50,1,0,0.050,0.2134,241
2147,53.97,46,1,0,0.050,0.1563,241
2148,57.91,61,1,0,0.050,0.1851,241
2149,66.71,76,1,0,0.050,0.1855,242
2150,58.70,66,1,0,0.050,0.3761,242
2151,69.61,96,1,0,0.050,0.2120,243
2152,58.45,59,1,0,0.050,0.1749,243
2153,48.57,47,1,0,0.050,0.3108,243
2154,61.21,61,1,0,0.050,0.2517,243
2155,54.55,53,1,0,0.050,0.1935,244
2156,50.14,47,1,0,0.050,0.2643,244
2157,61.30,85,1,0,0.050,0.2466,244
2158,52.08,42,1,0,0.050,0.2116,245
2159,49.59,43,1,0,0.050,0.2202,245
2160,53.90,52,1,0,0.050,0.2303,245
2161,30.34,1,1,92,0.050,0.2303,247
2162,64.33,80,1,0,0.050,0.2109,248
2163,52.92,49,1,0,0.050,0.1739,248
2164,52.17,53,1,0,0.050,0.1928,248
2165,64.48,87,1,0,0.050,0.1631,249
2166,68.58,87,1,0,0.050,0.2005,249
2167,54.07,51,1,0,0.050,0.2096,249
2168,58.53,64,1,0,0.050,0.1896,250
2169,70.24,89,1,0,0.050,0.1508,250
2170,50.41,45,1,0,0.050,0.2108,250
2171,59.19,58,1,0,0.050,0.1635,251
2172,51.01,47,1,0,0.050,0.1775,251
2173,58.31,49,1,0,0.050,0.1944,251
2174,68.02,73,1,0,0.050,0.1740,252
2175,53.23,43,1,0,0.050,0.2133,252
2176,55.31,54,1,0,0.050,0.1520,252
2177,51.99,43,1,0,0.050,0.1628,252
2178,57.99,51,1,0,0.050,0.1377,253
2179,65.35,76,1,0,0.050,0.1736,253
2180,57.21,57,1,0,0.050,0.1649,253
2181,66.57,80,1,0,0.050,0.1654,254
2182,60.52,55,1,0,0.050,0.2752,254
2183,49.44,57,1,0,0.050,0.2581,254
2184,56.96,57,1,0,0.050,0.1737,254
2185,57.44,54,1,0,0.050,0.2135,255
2186,54.24,56,1,0,0.050,0.1714,255
2187,64.33,90,1,0,0.050,0.2381,255
2188,47.12,45,1,0,0.050,0.2966,256
2189,52.32,60,1,0,0.050,0.2559,256
2190,54.65,51,1,0,0.050,0.2588,256
2191,-4.50,1,0,515,0.050,0.2588,259
2192,64.18,96,1,0,0.050,0.1889,260
2193,52.74,44,1,0,0.050,0.2004,260
2194,50.16,40,1,0,0.050,0.1646,260
2195,65.54,85,1,0,0.050,0.3221,261
2196,69.90,96,1,0,0.050,0.2152,261
2197,57.83,67,1,0,0.050,0.4138,261
2198,61.60,84,1,0,0.050,0.2219,262
2199,65.99,102,1,0,0.050,0.1772,262
2200,49.55,47,1,0,0.050,0.2060,263
2201,60.79,62,1,0,0.050,0.2183,263
2202,51.05,44,1,0,0.050,0.1629,263
2203,57.38,49,1,0,0.050,0.1245,263
2204,68.01,99,1,0,0.050,0.2314,264
2205,50.74,44,1,0,0.050,0.1557,264
2206,54.43,55,1,0,0.050,0.3081,264
2207,53.16,49,1,0,0.050,0.2279,265
2208,57.19,54,1,0,0.050,0.2298,265
2209,67.49,80,1,0,0.050,0.2244,265
2210,60.80,68,1,0,0.050,0.1712,266
2211,69.76,89,1,0,0.050,0.2306,266
2212,62.36,62,1,0,0.050,0.2034,266
2213,48.08,40,1,0,0.050,0.2742,267
2214,57.68,66,1,0,0.050,0.2736,267
2215,59.02,55,1,0,0.050,0.2175,267
2216,52.07,45,1,0,0.050,0.2633,268
2217,59.94,82,1,0,0.050,0.3199,268
2218,51.95,57,1,0,0.050,0.1612,269
2219,52.23,43,1,0,0.050,0.2459,269
2220,54.11,57,1,0,0.050,0.1188,269
2221,-4.29,1,0,572,0.050,0.1188,274
2222,62.71,65,1,0,0.050,0.2176,274
2223,53.26,45,1,0,0.050,0.3204,274
2224,53.92,50,1,0,0.050,0.1526,275
2225,70.43,92,1,0,0.050,0.2119,275
2226,73.08,81,1,0,0.050,0.2452,276
2227,59.39,60,1,0,0.050,0.2321,276
2228,63.71,58,1,0,0.050,0.1458,276
2229,74.82,78,1,0,0.050,0.1150,277
2230,53.03,62,1,0,0.050,0.1820,277
2231,62.36,55,1,0,0.050,0.1899,277
2232,51.68,47,1,0,0.050,0.2165,277
2233,59.05,49,1,0,0.050,0.1937,278
2234,63.88,100,1,0,0.050,0.1933,278
2235,53.81,49,1,0,0.050,0.1351,278
2236,55.35,54,1,0,0.050,0.2340,279
2237,54.33,48,1,0,0.050,0.2190,279
2238,59.91,80,1,0,0.050,0.2152,279
2239,69.36,82,1,0,0.050,0.2709,280
2240,63.10,72,1,0,0.050,0.2180,280
2241,69.27,92,1,0,0.050,0.2392,280
2242,61.96,63,1,0,0.050,0.2271,281
2243,48.53,44,1,0,0.050,0.2408,281
2244,61.11,63,1,0,0.050,0.1857,281
2245,59.19,65,1,0,0.050,0.2108,282
2246,52.55,49,1,0,0.050,0.1249,282
2247,66.04,72,1,0,0.050,0.1984,282
2248,56.11,72,1,0,0.050,0.2098,283
2249,48.48,48,1,0,0.050,0.2485,283
2250,57.37,71,1,0,0.050,0.3493,283
2251,30.11,1,1,50,0.050,0.2295,285
2252,61.97,72,1,0,0.050,0.2163,286
2253,50.97,45,1,0,0.050,0.2262,286
2254,50.81,44,1,0,0.050,0.1827,286
2255,73.74,93,1,0,0.050,0.1804,287
2256,72.49,77,1,0,0.050,0.1600,287
2257,52.97,53,1,0,0.050,0.2249,287
2258,60.21,62,1,0,0.050,0.1914,288
2259,71.83,84,1,0,0.050,0.2118,288
2260,47.73,43,1,0,0.050,0.2369,288
2261,59.88,57,1,0,0.050,0.1514,289
2262,49.63,42,1,0,0.050,0.1705,289
2263,56.39,54,1,0,0.050,0.2401,289
2264,71.27,71,1,0,0.050,0.2029,289
2265,53.81,44,1,0,0.050,0.2064,290
2266,56.81,53,1,0,0.050,0.1840,290
2267,52.14,48,1,0,0.050,0.1338,290
2268,58.00,59,1,0,0.050,0.1523,290
2269,67.20,89,1,0,0.050,0.2627,291
2270,61.76,66,1,0,0.050,0.1802,291
2271,66.71,86,1,0,0.050,0.1632,292
2272,58.88,60,1,0,0.050,0.2339,292
2273,48.27,37,1,0,0.050,0.2369,292
2274,59.65,63,1,0,0.050,0.2531,292
2275,57.01,52,1,0,0.050,0.2089,293
2276,51.51,45,1,0,0.050,0.1783,293
2277,65.49,71,1,0,0.050,0.1203,293
2278,52.21,46,1,0,0.050,0.2141,294
2279,51.78,44,1,0,0.050,0.1732,294
2280,55.34,48,1,0,0.050,0.2028,294
2281,-0.81,1,0,588,0.050,0.2028,297
2282,64.41,81,1,0,0.050,0.2325,298
2283,50.85,50,1,0,0.050,0.2276,298
2284,51.00,51,1,0,0.050,0.1991,298
2285,70.87,76,1,0,0.050,0.1697,298
2286,71.23,68,1,0,0.050,0.1901,299
2287,59.71,56,1,0,0.050,0.1930,299
2288,62.02,58,1,0,0.050,0.1771,299
2289,71.29,89,1,0,0.050,0.2120,300
2290,50.52,41,1,0,0.050,0.2643,300
2291,62.78,55,1,0,0.050,0.2886,300
2292,51.20,43,1,0,0.050,0.2298,301
2293,58.33,56,1,0,0.050,0.2533,301
2294,69.04,85,1,0,0.050,0.2157,301
2295,51.39,42,1,0,0.050,0.1339,301
2296,55.48,45,1,0,0.050,0.2104,302
2297,53.46,45,1,0,0.050,0.1905,302
2298,59.63,52,1,0,0.050,0.2198,302
2299,63.49,76,1,0,0.050,0.1676,303
2300,59.17,68,1,0,0.050,0.2426,303
2301,66.02,81,1,0,0.050,0.2384,303
2302,57.86,55,1,0,0.050,0.2077,304
2303,47.21,41,1,0,0.050,0.2110,304
2304,59.64,57,1,0,0.050,0.1852,304
2305,57.80,57,1,0,0.050,0.2060,304
2306,54.98,48,1,0,0.050,0.2619,305
2307,63.95,75,1,0,0.050,0.2795,305
2308,50.21,48,1,0,0.050,0.2789,305
2309,52.96,52,1,0,0.050,0.1823,306
2310,56.77,60,1,0,0.050,0.1601,306
2311,30.26,1,1,273,0.050,0.1601,309
2312,65.29,71,1,0,0.050,0.1123,309
2313,52.29,43,1,0,0.050,0.1072,309
2314,52.76,46,1,0,0.050,0.2084,310
2315,70.16,79,1,0,0.050,0.1991,310
2316,68.59,68,1,0,0.050,0.2469,310
2317,59.34,62,1,0,0.050,0.2289,311
2318,64.07,66,1,0,0.050,0.1767,311
2319,72.57,94,1,0,0.050,0.2253,311
2320,50.78,46,1,0,0.050,0.1601,312
2321,59.32,61,1,0,0.050,0.2581,312
2322,51.76,52,1,0,0.050,0.2264,312
2323,57.69,70,1,0,0.050,0.1732,312
2324,68.77,78,1,0,0.050,0.1962,313
2325,51.97,41,1,0,0.050,0.1548,313
2326,57.11,50,1,0,0.050,0.1825,313
2327,52.39,43,1,0,0.050,0.2086,314
2328,60.61,65,1,0,0.050,0.2293,314
2329,65.54,84,1,0,0.050,0.1972,314
2330,58.83,77,1,0,0.050,0.1898,315
2331,68.69,87,1,0,0.050,0.1738,315
2332,60.29,53,1,0,0.050,0.2295,315
2333,47.87,36,1,0,0.050,0.2064,316
2334,59.71,61,1,0,0.050,0.2493,316
2335,62.24,66,1,0,0.050,0.2341,316
2336,47.67,41,1,0,0.050,0.2546,316
2337,65.44,75,1,0,0.050,0.2040,317
2338,50.98,48,1,0,0.050,0.2149,317
2339,51.85,47,1,0,0.050,0.2168,317
2340,58.88,60,1,0,0.050,0.2526,318
2341,-4.60,1,0,578,0.050,0.1919,320
2342,68.40,79,1,0,0.050,0.2576,320
2343,51.98,46,1,0,0.050,0.2085,321
2344,50.46,44,1,0,0.050,0.1885,321
2345,71.85,77,1,0,0.050,0.2951,321
2346,63.93,67,1,0,0.050,0.3339,322
2347,57.67,60,1,0,0.050,0.2531,322
2348,54.27,75,1,0,0.050,0.2476,322
2349,75.28,94,1,0,0.050,0.1735,323
2350,51.40,47,1,0,0.050,0.2206,323
2351,58.93,64,1,0,0.050,0.1426,323
2352,49.67,48,1,0,0.050,0.1594,324
2353,57.80,65,1,0,0.050,0.2360,324
2354,67.10,80,1,0,0.050,0.1503,324
2355,55.56,56,1,0,0.050,0.1309,325
2356,55.58,48,1,0,0.050,0.1816,325
2357,51.45,39,1,0,0.050,0.2152,325
2358,59.71,52,1,0,0.050,0.1962,325
2359,69.45,90,1,0,0.050,0.1996,326
2360,59.32,61,1,0,0.050,0.1518,326
2361,70.47,79,1,0,0.050,0.1597,327
2362,60.66,49,1,0,0.050,0.1277,327
2363,51.33,63,1,0,0.050,0.1779,327
2364,61.56,70,1,0,0.050,0.2523,328
2365,56.83,52,1,0,0.050,0.2028,328
2366,58.10,58,1,0,0.050,0.1762,328
2367,63.35,70,1,0,0.050,0.2547,329
2368,49.95,46,1,0,0.050,0.1887,329
2369,48.32,46,1,0,0.050,0.1547,330
2370,59.50,62,1,0,0.050,0.2208,330
2371,30.06,1,1,196,0.050,0.1681,334
2372,63.99,61,1,0,0.050,0.1496,335
2373,50.60,42,1,0,0.050,0.2159,335
2374,52.66,43,1,0,0.050,0.2224,335
2375,73.50,92,1,0,0.050,0.2210,336
2376,69.18,80,1,0,0.050,0.2276,336
2377,59.64,60,1,0,0.050,0.2345,336
2378,64.93,66,1,0,0.050,0.1742,337
2379,76.83,89,1,0,0.050,0.1805,337
2380,50.56,40,1,0,0.050,0.2064,337
2381,60.39,54,1,0,0.050,0.2510,338
2382,52.31,38,1,0,0.050,0.1462,338
2383,58.69,55,1,0,0.050,0.2626,338
2384,70.45,72,1,0,0.050,0.2044,339
2385,51.79,37,1,0,0.050,0.1909,339
2386,55.75,42,1,0,0.050,0.2065,339
2387,53.78,40,1,0,0.050,0.1682,339
2388,58.13,54,1,0,0.050,0.1907,339
2389,64.60,87,1,0,0.050,0.2251,340
2390,60.10,62,1,0,0.050,0.1740,340
2391,68.60,81,1,0,0.050,0.1830,341
2392,59.75,51,1,0,0.050,0.2230,341
2393,47.83,34,1,0,0.050,0.2153,341
2394,60.38,61,1,0,0.050,0.2570,342
2395,62.12,74,1,0,0.050,0.1654,342
2396,57.37,52,1,0,0.050,0.2340,342
2397,63.34,85,1,0,0.050,0.2088,343
2398,51.71,52,1,0,0.050,0.2053,343
2399,51.47,51,1,0,0.050,0.1807,343
2400,57.67,63,1,0,0.050,0.1959,344
2401,31.84,10,1,74,0.050,0.1757,346
2402,64.30,65,1,0,0.050,0.2660,346
2403,60.66,74,1,0,0.050,0.1598,346
2404,45.55,46,1,0,0.050,0.2580,347
2405,72.57,78,1,0,0.050,0.2282,347
2406,69.83,72,1,0,0.050,0.1350,348
2407,59.99,65,1,0,0.050,0.3013,348
2408,61.29,71,1,0,0.050,0.2042,348
2409,70.64,84,1,0,0.050,0.1896,349
2410,53.51,53,1,0,0.050,0.1876,349
2411,61.75,58,1,0,0.050,0.1795,349
2412,52.09,41,1,0,0.050,0.1959,350
2413,57.65,48,1,0,0.050,0.1871,350
2414,66.73,84,1,0,0.050,0.1245,350
2415,53.32,42,1,0,0.050,0.3232,351
2416,54.86,55,1,0,0.050,0.2556,351
2417,51.92,52,1,0,0.050,0.1293,351
2418,50.65,68,1,0,0.050,0.2631,352
2419,66.61,97,1,0,0.050,0.1597,352
2420,60.66,112,1,0,0.050,0.1521,353
2421,61.61,95,1,0,0.050,0.2018,353
2422,59.14,58,1,0,0.050,0.1833,354
2423,48.33,45,1,0,0.050,0.2652,354
2424,59.10,73,1,0,0.050,0.2186,354
2425,57.78,71,1,0,0.050,0.2372,355
2426,52.32,50,1,0,0.050,0.2252,355
2427,67.31,76,1,0,0.050,0.1925,355
2428,49.99,39,1,0,0.050,0.1847,356
2429,51.96,46,1,0,0.050,0.1762,356
2430,55.87,50,1,0,0.050,0.1522,356
2431,30.14,1,1,91,0.050,0.1522,360
2432,60.56,66,1,0,0.050,0.1398,360
2433,52.14,43,1,0,0.050,0.2220,361
2434,51.97,42,1,0,0.050,0.1737,361
2435,68.11,85,1,0,0.050,0.2361,361
2436,68.88,81,1,0,0.050,0.2353,362
2437,60.20,58,1,0,0.050,0.2632,362
2438,64.19,67,1,0,0.050,0.1853,362
2439,68.32,81,1,0,0.050,0.2694,363
2440,51.94,55,1,0,0.050,0.2641,363
2441,58.46,63,1,0,0.050,0.2094,363
2442,52.77,45,1,0,0.050,0.1965,364
2443,54.98,50,1,0,0.050,0.1875,364
2444,68.62,90,1,0,0.050,0.2856,364
2445,50.10,43,1,0,0.050,0.1714,365
2446,57.31,53,1,0,0.050,0.1878,365
2447,52.53,40,1,0,0.050,0.2395,365
2448,50.81,62,1,0,0.050,0.2388,366
2449,65.96,76,1,0,0.050,0.1973,366
2450,61.09,56,1,0,0.050,0.1913,366
2451,72.53,76,1,0,0.050,0.2282,367
2452,58.97,55,1,0,0.050,0.1945,367
2453,44.16,39,1,0,0.050,0.1978,367
2454,53.34,69,1,0,0.050,0.1669,368
2455,59.68,57,1,0,0.050,0.1776,368
2456,52.08,64,1,0,0.050,0.1496,368
2457,50.48,91,1,0,0.050,0.1729,369
2458,50.18,48,1,0,0.050,0.2030,369
2459,51.22,47,1,0,0.050,0.2271,369
2460,57.04,49,1,0,0.050,0.1930,370
2461,30.23,1,1,55,0.050,0.1930,372
2462,64.19,69,1,0,0.050,0.2436,372
2463,54.06,44,1,0,0.050,0.1705,372
2464,49.73,39,1,0,0.050,0.1370,373
2465,66.30,85,1,0,0.050,0.1532,373
2466,64.98,71,1,0,0.050,0.2325,373
2467,56.77,55,1,0,0.050,0.1542,374
2468,62.66,72,1,0,0.050,0.1838,374
2469,75.78,87,1,0,0.050,0.2616,375
2470,49.22,45,1,0,0.050,0.1846,375
2471,63.64,62,1,0,0.050,0.2125,375
2472,51.52,39,1,0,0.050,0.1871,376
2473,58.78,56,1,0,0.050,0.1739,376
2474,69.48,80,1,0,0.050,0.2093,376
2475,52.41,40,1,0,0.050,0.2051,377
2476,58.16,64,1,0,0.050,0.2510,377
2477,51.53,42,1,0,0.050,0.2135,377
2478,58.74,50,1,0,0.050,0.2085,377
2479,66.99,83,1,0,0.050,0.1974,378
2480,57.94,65,1,0,0.050,0.1908,378
2481,65.35,89,1,0,0.050,0.1959,379
2482,60.23,73,1,0,0.050,0.2415,379
2483,45.29,58,1,0,0.050,0.2265,379
2484,59.46,66,1,0,0.050,0.2151,380
2485,55.68,56,1,0,0.050,0.1973,380
2486,53.30,60,1,0,0.050,0.1810,381
2487,64.18,74,1,0,0.050,0.2460,381
2488,48.55,46,1,0,0.050,0.2040,381
2489,50.22,48,1,0,0.050,0.1246,381
2490,55.93,48,1,0,0.050,0.1771,382
2491,30.32,1,1,61,0.050,0.1731,385
2492,63.52,68,1,0,0.050,0.1957,385
2493,50.38,40,1,0,0.050,0.1533,385
2494,50.81,38,1,0,0.050,0.1639,385
2495,70.77,71,1,0,0.050,0.1436,386
2496,65.16,70,1,0,0.050,0.2376,386
2497,57.20,59,1,0,0.050,0.2854,387
2498,60.13,66,1,0,0.050,0.2092,387
2499,73.54,94,1,0,0.050,0.2146,388
2500,51.93,46,1,0,0.050,0.2360,388
2501,61.88,71,1,0,0.050,0.1933,388
2502,50.98,41,1,0,0.050,0.1930,388
2503,58.35,46,1,0,0.050,0.2750,388
2504,71.87,101,1,0,0.050,0.1729,389
2505,52.53,45,1,0,0.050,0.1836,389
2506,54.67,48,1,0,0.050,0.1493,389
2507,53.42,57,1,0,0.050,0.1663,390
2508,57.86,55,1,0,0.050,0.2495,390
2509,65.50,73,1,0,0.050,0.1772,391
2510,57.29,63,1,0,0.050,0.2263,391
2511,71.91,76,1,0,0.050,0.1875,392
2512,61.07,59,1,0,0.050,0.2211,392
2513,49.88,44,1,0,0.050,0.1666,393
2514,61.86,63,1,0,0.050,0.1218,393
2515,56.85,58,1,0,0.050,0.1578,394
2516,55.59,54,1,0,0.050,0.1693,394
2517,68.15,75,1,0,0.050,0.2093,394
2518,52.22,45,1,0,0.050,0.2467,395
2519,52.99,53,1,0,0.050,0.2126,395
2520,56.61,60,1,0,0.050,0.2533,395
2521,30.35,1,1,182,0.050,0.1698,398
2522,62.45,73,1,0,0.050,0.1727,398
2523,55.35,58,1,0,0.050,0.2107,398
2524,49.27,42,1,0,0.050,0.3020,398
2525,73.14,85,1,0,0.050,0.2822,399
2526,64.48,67,1,0,0.050,0.1718,399
2527,54.23,62,1,0,0.050,0.1842,400
2528,58.83,66,1,0,0.050,0.1976,400
2529,71.43,87,1,0,0.050,0.1836,400
2530,49.59,48,1,0,0.050,0.1878,401
2531,57.06,62,1,0,0.050,0.2804,401
2532,52.44,56,1,0,0.050,0.1897,401
2533,55.92,54,1,0,0.050,0.1817,402
2534,70.35,84,1,0,0.050,0.1968,402
2535,44.33,42,1,0,0.050,0.1630,402
2536,53.70,53,1,0,0.050,0.2700,402
2537,49.29,42,1,0,0.050,0.2097,403
2538,57.91,61,1,0,0.050,0.2324,403
2539,68.81,76,1,0,0.050,0.1970,403
2540,58.02,73,1,0,0.050,0.2075,404
2541,69.60,79,1,0,0.050,0.2000,404
2542,60.19,52,1,0,0.050,0.2333,404
2543,47.70,42,1,0,0.050,0.1526,405
2544,61.44,62,1,0,0.050,0.2100,405
2545,60.56,62,1,0,0.050,0.2201,405
2546,52.20,46,1,0,0.050,0.1497,406
2547,64.36,68,1,0,0.050,0.1560,406
2548,56.79,70,1,0,0.050,0.1426,406
2549,51.09,42,1,0,0.050,0.1926,407
2550,57.46,57,1,0,0.050,0.2207,407
2551,-4.69,1,0,564,0.050,0.1793,409
2552,63.42,75,1,0,0.050,0.1674,410
2553,48.28,45,1,0,0.050,0.1794,410
2554,53.03,52,1,0,0.050,0.2081,410
2555,72.61,91,1,0,0.050,0.3030,411
2556,69.71,79,1,0,0.050,0.1794,411
2557,63.66,80,1,0,0.050,0.1492,411
2558,63.04,66,1,0,0.050,0.1635,412
2559,70.55,89,1,0,0.050,0.1458,412
2560,51.88,53,1,0,0.050,0.2678,412
2561,61.67,67,1,0,0.050,0.2519,413
2562,51.37,41,1,0,0.050,0.1628,413
2563,57.39,52,1,0,0.050,0.1913,413
2564,68.55,84,1,0,0.050,0.2038,414
2565,55.57,52,1,0,0.050,0.2402,414
2566,55.67,58,1,0,0.050,0.2184,414
2567,52.78,44,1,0,0.050,0.1303,414
2568,59.18,60,1,0,0.050,0.2631,415
2569,62.72,94,1,0,0.050,0.1623,415
2570,59.61,64,1,0,0.050,0.2971,415
2571,68.61,87,1,0,0.050,0.1490,416
2572,59.73,56,1,0,0.050,0.1547,416
2573,48.30,42,1,0,0.050,0.1630,416
2574,60.11,63,1,0,0.050,0.2622,417
2575,59.30,50,1,0,0.050,0.1351,417
2576,54.84,47,1,0,0.050,0.1934,417
2577,64.51,83,1,0,0.050,0.2188,418
2578,50.56,44,1,0,0.050,0.1810,418
2579,53.81,50,1,0,0.050,0.1664,418
2580,56.14,51,1,0,0.050,0.1910,419
2581,30.16,1,1,179,0.050,0.1557,421
2582,66.00,71,1,0,0.050,0.2614,422
2583,54.37,49,1,0,0.050,0.2526,422
2584,50.68,42,1,0,0.050,0.2152,422
2585,77.58,96,1,0,0.050,0.2292,423
2586,71.20,77,1,0,0.050,0.1811,423
2587,58.22,57,1,0,0.050,0.1590,423
2588,63.38,69,1,0,0.050,0.1390,424
2589,74.25,79,1,0,0.050,0.1805,424
2590,50.68,42,1,0,0.050,0.1404,424
2591,60.69,56,1,0,0.050,0.1681,424
2592,53.18,43,1,0,0.050,0.1869,425
2593,57.84,48,1,0,0.050,0.1373,425
2594,67.13,76,1,0,0.050,0.1728,425
2595,54.90,49,1,0,0.050,0.1521,426
2596,58.27,59,1,0,0.050,0.2564,426
2597,52.91,44,1,0,0.050,0.1401,426
2598,58.53,54,1,0,0.050,0.1750,426
2599,66.44,77,1,0,0.050,0.2015,427
2600,59.62,60,1,0,0.050,0.2288,427
2601,51.27,60,1,0,0.050,0.1487,428
2602,58.62,59,1,0,0.050,0.2038,428
2603,51.46,50,1,0,0.050,0.1802,428
2604,51.26,44,1,0,0.050,0.2207,429
2605,55.17,57,1,0,0.050,0.1237,429
2606,57.29,59,1,0,0.050,0.2042,429
2607,61.38,65,1,0,0.050,0.1428,430
2608,68.95,75,1,0,0.050,0.2150,430
2609,64.06,62,1,0,0.050,0.1633,432
2610,62.97,65,1,0,0.050,0.1665,433
2611,30.11,1,1,42,0.050,0.1665,437
2612,69.02,89,1,0,0.050,0.2412,438
2613,63.99,79,1,0,0.050,0.1910,438
2614,-305.25,161,1,82,0.050,0.1516,439
2615,58.09,59,1,0,0.050,0.4692,440
2616,-3.44,71,1,14,0.050,0.1788,440
2617,-158.27,119,1,49,0.050,0.1868,441
2618,57.77,55,1,0,0.050,0.1751,442
2619,55.31,57,1,0,0.050,0.1280,442
2620,61.41,56,1,0,0.050,0.2274,442
2621,55.21,48,1,0,0.050,0.1246,443
2622,61.85,84,1,0,0.050,0.1788,443
2623,53.37,45,1,0,0.050,0.1542,443
2624,-49.18,86,1,26,0.050,0.1517,444
2625,53.47,47,1,0,0.050,0.1713,444
2626,68.09,77,1,0,0.050,0.1442,445
2627,69.89,72,1,0,0.050,0.1437,445
2628,64.03,59,1,0,0.050,0.1910,446
2629,-121.28,93,1,40,0.050,0.1989,446
2630,-2070.96,554,1,484,0.050,0.1648,450
2631,15.62,68,1,9,0.050,0.2359,451
2632,53.97,51,1,0,0.050,0.2500,451
2633,56.65,60,1,0,0.050,0.4207,451
2634,-10.62,94,1,15,0.050,0.1352,452
2635,73.35,94,1,0,0.050,0.4127,453
2636,56.34,69,1,0,0.050,0.1985,453
2637,-193.57,123,1,57,0.050,0.2316,455
2638,63.31,69,1,0,0.050,0.2631,455
2639,53.05,59,1,0,0.050,0.4378,456
2640,23.56,60,1,6,0.050,0.4299,456
2641,30.17,1,1,176,0.050,0.4035,459
2642,62.62,70,1,0,0.050,0.2694,459
2643,64.78,71,1,0,0.050,0.2086,460
2644,-489.11,206,1,124,0.050,0.4336,461
2645,22.15,78,1,8,0.050,0.2390,461
2646,-74.94,107,1,29,0.050,0.4183,462
2647,-253.93,151,1,71,0.050,0.4189,463
2648,52.08,56,1,0,0.050,0.3212,463
2649,51.71,67,1,0,0.050,0.5196,464
2650,59.72,53,1,0,0.050,0.1988,464
2651,57.60,56,1,0,0.050,0.3209,464
2652,57.70,57,1,0,0.050,0.2971,465
2653,55.51,50,1,0,0.050,0.3324,465
2654,-29.04,82,1,20,0.050,0.3964,466
2655,53.11,51,1,0,0.050,0.3177,466
2656,66.93,75,1,0,0.050,0.3058,466
2657,65.17,74,1,0,0.050,0.6303,467
2658,60.08,66,1,0,0.050,0.6019,467
2659,-122.65,118,1,41,0.050,0.3308,468
2660,-2117.85,600,0,490,0.050,0.2166,472
2661,-15.65,89,1,17,0.050,0.2882,472
2662,55.40,51,1,0,0.050,0.5505,473
2663,59.72,60,1,0,0.050,0.3890,473
2664,-40.61,94,1,21,0.050,0.4806,474
2665,72.52,87,1,0,0.050,0.9228,474
2666,62.78,68,1,0,0.050,0.2833,475
2667,-222.27,146,1,64,0.050,0.2324,476
2668,65.56,76,1,0,0.050,0.4270,476
2669,59.58,61,1,0,0.050,0.6785,476
2670,50.24,52,1,0,0.050,0.7498,477
2671,30.17,1,1,50,0.050,0.7498,479
2672,62.98,71,1,0,0.050,0.6738,479
2673,66.86,73,1,0,0.050,0.8768,480
2674,-24.26,159,1,19,0.050,0.6438,481
2675,62.57,78,1,0,0.050,0.0000,3
2676,60.91,108,1,0,0.050,0.0000,3
2677,66.22,85,1,0,0.050,0.0000,4
2678,44.73,102,1,5,0.050,0.0000,4
2679,30.11,1,1,41,0.050,0.0000,6
2680,60.10,74,1,0,0.050,0.0000,7
2681,55.08,93,1,0,0.050,0.0000,7
2682,-179.36,177,1,55,0.050,0.0000,7
2683,-4.91,130,1,8,0.050,0.0000,8
2684,29.49,89,1,3,0.050,0.0000,8
2685,-90.00,126,1,35,0.050,4.8751,8
2686,42.00,194,1,0,0.050,3.1879,9
2687,50.84,186,1,0,0.050,2.0555,11
2688,43.56,120,1,0,0.050,3.6279,12
2689,49.78,108,1,0,0.050,2.1102,13
2690,43.77,175,1,0,0.050,2.2634,14
2691,49.07,61,1,0,0.050,1.8278,14
2692,29.91,238,1,0,0.050,1.2850,16
2693,41.43,74,1,0,0.050,2.0679,16
2694,63.53,121,1,0,0.050,1.6065,17
2695,29.67,243,1,0,0.050,1.7574,18
2696,21.70,251,1,0,0.050,1.1441,20
2697,-128.67,226,1,37,0.050,1.2187,21
2698,-1612.01,600,0,374,0.050,2.5080,24
2699,-179.91,326,1,46,0.050,1.9828,26
2700,42.62,69,1,0,0.050,2.9446,27
2701,37.49,124,1,0,0.050,2.7362,28
2702,32.64,117,1,4,0.050,3.6026,28
2703,47.97,193,1,0,0.050,2.5850,29
2704,45.01,89,1,0,0.050,2.7815,30
2705,-88.27,144,1,33,0.050,2.3129,31
2706,57.33,73,1,0,0.050,2.6471,31
2707,51.46,72,1,0,0.050,2.4718,32
2708,47.77,72,1,0,0.050,2.7887,32
2709,29.97,1,1,6,0.050,1.8341,37
2710,40.23,162,1,0,0.050,2.3128,38
2711,59.39,77,1,0,0.050,3.1952,38
2712,-17.68,299,1,11,0.050,2.6318,40
2713,43.81,165,1,1,0.050,2.6616,41
2714,31.60,187,1,2,0.050,2.5775,42
2715,27.08,268,1,3,0.050,2.0806,44
2716,38.21,291,1,0,0.050,3.2652,46
2717,7.01,434,1,0,0.050,2.5882,48
2718,61.78,98,1,0,0.050,3.0309,49
2719,42.21,98,1,0,0.050,3.2998,50
2720,56.47,130,1,0,0.050,2.3814,50
2721,30.75,148,1,0,0.050,1.4717,51
2722,38.12,85,1,6,0.050,1.7287,52
2723,49.46,66,1,0,0.050,2.0375,52
2724,61.91,87,1,0,0.050,2.0923,53
2725,44.97,141,1,0,0.050,1.9905,54
2726,61.17,74,1,0,0.050,2.5101,54
2727,-34.21,362,1,8,0.050,2.8027,57
2728,-128.75,600,0,8,0.050,1.9492,61
2729,48.67,84,1,0,0.050,2.3685,61
2730,53.35,57,1,0,0.050,3.1191,61
2731,27.53,222,1,0,0.050,2.0027,63
2732,1.62,352,1,0,0.050,2.9501,65
2733,-41.45,600,0,0,0.050,2.3897,68
2734,24.68,473,1,0,0.050,2.0364,71
2735,-390.85,600,0,71,0.050,2.8001,75
2736,57.36,81,1,0,0.050,3.0534,76
2737,51.02,49,1,0,0.050,3.5107,76
2738,48.52,76,1,0,0.050,2.5641,76
2739,30.23,1,1,62,0.050,2.5641,80
2740,61.74,62,1,0,0.050,2.6671,80
2741,59.25,69,1,0,0.050,3.0378,81
2742,-99.28,598,1,10,0.050,3.4047,84
2743,-10.38,222,1,9,0.050,2.3922,86
2744,33.24,84,1,3,0.050,3.1845,86
2745,-173.63,582,1,37,0.050,2.7635,90
2746,53.34,60,1,0,0.050,1.9847,90
2747,48.14,122,1,0,0.050,3.1607,91
2748,53.28,60,1,0,0.050,2.4783,91
2749,49.02,77,1,0,0.050,2.6687,92
2750,50.83,69,1,0,0.050,3.4841,92
2751,36.10,161,1,0,0.050,2.7183,93
2752,51.38,118,1,0,0.050,2.9284,94
2753,21.99,250,1,0,0.050,2.5685,95
2754,56.40,101,1,0,0.050,2.7064,96
2755,46.93,90,1,3,0.050,2.7037,96
2756,53.35,291,1,0,0.050,2.5187,98
2757,-5.60,299,1,0,0.050,2.4700,100
2758,-101.74,600,0,0,0.050,3.2509,103
2759,37.55,137,1,0,0.050,2.4510,104
2760,45.63,88,1,0,0.050,3.3865,104
2761,42.36,55,1,0,0.050,2.7703,105
2762,42.78,124,1,0,0.050,2.2717,106
2763,70.40,106,1,0,0.050,3.8501,106
2764,50.39,69,1,0,0.050,2.6471,107
2765,59.73,90,1,0,0.050,2.9664,107
2766,51.67,76,1,0,0.050,2.4582,108
2767,53.83,61,1,0,0.050,2.6084,108
2768,34.38,84,1,0,0.050,2.7155,109
2769,30.05,1,1,65,0.050,2.7155,111
2770,52.68,75,1,0,0.050,2.6335,111
2771,53.55,167,1,0,0.050,1.9655,112
2772,-76.89,480,1,12,0.050,3.1135,115
2773,-211.27,600,0,26,0.050,2.4278,119
2774,31.17,82,1,4,0.050,2.4267,119
2775,-88.23,418,1,17,0.050,2.4117,122
2776,49.06,186,1,0,0.050,3.0468,123
2777,47.99,68,1,0,0.050,2.6812,123
2778,52.34,89,1,0,0.050,2.1569,123
2779,27.48,231,1,0,0.050,2.4012,125
2780,55.13,66,1,0,0.050,2.1910,125
2781,34.71,98,1,0,0.050,2.7197,126
2782,37.22,138,1,2,0.050,2.6169,127
2783,40.30,59,1,0,0.050,2.4113,127
2784,46.02,134,1,0,0.050,3.2287,128
2785,46.16,86,1,0,0.050,2.3680,128
2786,1.99,329,1,3,0.050,2.1664,130
2787,-103.40,528,1,5,0.050,3.1033,133
2788,-154.10,600,0,5,0.050,3.2654,137
2789,43.16,71,1,0,0.050,2.9751,138
2790,40.13,101,1,0,0.050,3.0788,138
2791,27.04,140,1,0,0.050,2.0785,139
2792,47.64,62,1,0,0.050,2.8721,140
2793,59.89,97,1,0,0.050,2.4620,140
2794,49.20,69,1,0,0.050,2.8683,141
2795,-103.22,600,0,0,0.050,2.3283,144
2796,42.71,103,1,0,0.050,2.7198,145
2797,43.36,159,1,0,0.050,2.8519,145
2798,7.94,147,1,0,0.050,2.5458,146
2799,-0.50,1,0,0,0.050,2.5458,150
2800,46.81,125,1,0,0.050,3.9272,151
2801,64.59,95,1,0,0.050,3.4193,151
2802,62.11,138,1,0,0.050,3.1060,152
2803,-214.11,600,0,26,0.050,3.0058,156
2804,5.23,143,1,8,0.050,3.1885,157
2805,20.54,202,1,3,0.050,2.7268,158
2806,57.66,82,1,0,0.050,2.7584,158
2807,46.20,56,1,0,0.050,2.5527,159
2808,44.81,87,1,0,0.050,2.6585,159
2809,31.05,225,1,0,0.050,2.9780,160
2810,46.87,71,1,0,0.050,3.2786,161
2811,48.95,68,1,0,0.050,2.8969,161
2812,-12.64,239,1,5,0.050,2.5631,163
2813,24.41,121,1,0,0.050,2.8726,164
2814,46.89,117,1,0,0.050,2.6331,164
2815,58.30,112,1,0,0.050,2.9022,165
2816,52.70,86,1,0,0.050,3.0774,165
2817,-6.89,97,1,9,0.050,2.3079,166
2818,28.43,174,1,0,0.050,2.5523,167
2819,42.31,74,1,0,0.050,3.1550,168
2820,29.43,119,1,0,0.050,2.7153,168
2821,47.26,87,1,0,0.050,2.3729,169
2822,28.60,101,1,3,0.050,3.6902,170
2823,30.11,173,1,0,0.050,3.6890,170
2824,-52.88,600,0,1,0.050,2.4971,174
2825,34.54,158,1,0,0.050,2.4987,175
2826,21.74,251,1,0,0.050,3.1561,176
2827,40.14,91,1,0,0.050,2.8796,177
2828,15.45,281,1,0,0.050,2.3666,179
2829,0.33,1,0,0,0.050,2.3666,184
2830,49.34,91,1,0,0.050,3.2756,184
2831,17.53,189,1,0,0.050,3.6070,185
2832,-0.86,236,1,4,0.050,2.7274,187
2833,-101.86,202,1,29,0.050,2.6992,188
2834,20.68,203,1,0,0.050,2.6791,189
2835,-48.40,222,1,19,0.050,2.2883,191
2836,39.55,97,1,0,0.050,3.2479,191
2837,46.42,73,1,0,0.050,2.6563,192
2838,55.86,71,1,0,0.050,2.8176,192
2839,43.69,51,1,0,0.050,2.3795,192
2840,47.51,72,1,0,0.050,2.4511,193
2841,39.35,68,1,0,0.050,2.4130,193
2842,-172.59,228,1,47,0.050,3.7357,195
2843,54.87,115,1,0,0.050,3.4660,195
2844,55.98,96,1,0,0.050,3.1962,196
2845,55.28,99,1,0,0.050,3.1613,197
2846,54.01,73,1,0,0.050,2.4900,197
2847,30.99,112,1,0,0.050,3.5906,198
2848,-60.87,433,1,6,0.050,2.6502,200
2849,39.64,105,1,0,0.050,2.6597,201
2850,44.38,51,1,0,0.050,3.0798,201
2851,42.55,80,1,0,0.050,2.6252,202
2852,21.97,172,1,0,0.050,2.5189,203
2853,51.68,585,1,0,0.050,2.3591,206
2854,44.50,140,1,0,0.050,2.8352,207
2855,21.73,134,1,5,0.050,2.5309,208
2856,53.20,122,1,0,0.050,2.7558,208
2857,55.60,106,1,0,0.050,2.7652,209
2858,38.20,80,1,0,0.050,2.7506,209
2859,-0.26,1,0,5,0.050,2.7506,212
2860,59.39,93,1,0,0.050,2.2637,213
2861,55.30,91,1,0,0.050,2.6691,213
2862,69.10,218,1,0,0.050,3.6914,214
2863,11.77,88,1,9,0.050,2.9328,215
2864,-154.59,284,1,37,0.050,3.2567,216
2865,-6.32,129,1,8,0.050,2.7799,217
2866,39.61,136,1,0,0.050,2.8261,218
2867,39.87,81,1,0,0.050,2.4945,218
2868,45.75,94,1,0,0.050,2.7543,219
2869,42.78,59,1,0,0.050,3.4819,219
2870,51.10,79,1,0,0.050,3.2922,220
2871,40.07,141,1,0,0.050,3.4659,221
2872,-175.27,193,1,51,0.050,2.5394,222
2873,35.98,78,1,0,0.050,3.0679,222
2874,53.36,108,1,0,0.050,3.0513,223
2875,55.56,78,1,0,0.050,2.7785,223
2876,52.89,88,1,0,0.050,2.6698,224
2877,2.44,91,1,9,0.050,3.0478,225
2878,-126.20,343,1,24,0.050,2.5483,227
2879,35.12,68,1,2,0.050,2.6434,227
2880,45.70,62,1,0,0.050,3.2889,227
2881,33.04,127,1,0,0.050,2.1945,228
2882,1.78,310,1,0,0.050,2.4022,230
2883,43.07,285,1,0,0.050,2.3836,231
2884,48.16,86,1,0,0.050,2.1938,232
2885,43.76,103,1,0,0.050,2.8001,233
2886,53.55,67,1,0,0.050,2.6333,233
2887,40.40,71,1,0,0.050,2.5430,233
2888,36.87,88,1,0,0.050,2.2351,234
2889,-0.15,1,0,33,0.050,2.2351,237
2890,48.64,169,1,0,0.050,2.2637,238
2891,50.77,73,1,0,0.050,2.7264,238
2892,47.24,175,1,0,0.050,2.7918,239
2893,34.40,155,1,0,0.050,2.6518,240
2894,22.17,129,1,3,0.050,2.0565,241
2895,20.78,113,1,5,0.050,2.0683,242
2896,46.70,70,1,0,0.050,2.6482,242
2897,40.56,73,1,0,0.050,2.6423,242
2898,41.75,76,1,0,0.050,2.5220,243
2899,28.99,144,1,0,0.050,2.0965,244
2900,53.15,65,1,0,0.050,2.3033,244
2901,47.79,62,1,0,0.050,3.4848,244
2902,28.45,189,1,0,0.050,2.2584,246
2903,34.86,98,1,0,0.050,2.7903,246
2904,49.77,106,1,0,0.050,2.9980,247
2905,53.80,86,1,0,0.050,3.1357,247
2906,-25.73,189,1,14,0.050,3.2556,248
2907,-16.61,131,1,10,0.050,2.4456,249
2908,-340.23,297,1,81,0.050,2.1874,251
2909,41.65,60,1,0,0.050,2.1286,251
2910,42.10,63,1,0,0.050,2.6515,252
2911,40.26,62,1,0,0.050,2.8323,252
2912,9.11,139,1,4,0.050,3.7227,253
2913,47.63,105,1,0,0.050,2.5542,253
2914,50.02,64,1,0,0.050,2.7228,254
2915,-2.95,108,1,12,0.050,2.7119,254
2916,58.01,88,1,0,0.050,1.6151,255
2917,33.56,88,1,0,0.050,2.4172,256
2918,37.86,108,1,0,0.050,2.4029,256
2919,-0.23,1,0,0,0.050,3.0988,260
2920,-47.59,290,1,0,0.050,2.8943,262
2921,20.73,174,1,0,0.050,2.2877,263
2922,2.80,156,1,0,0.050,3.0398,264
2923,7.09,184,1,2,0.050,2.8839,265
2924,-31.89,325,1,0,0.050,2.7816,267
2925,22.67,254,1,2,0.050,2.4118,268
2926,42.00,78,1,0,0.050,2.6296,269
2927,1.25,92,1,10,0.050,2.6374,270
2928,46.98,97,1,0,0.050,3.1246,270
2929,39.55,87,1,0,0.050,2.6278,271
2930,51.39,60,1,0,0.050,3.3852,271
2931,37.56,184,1,0,0.050,2.7286,272
2932,-15.84,192,1,9,0.050,2.4814,273
2933,34.19,98,1,0,0.050,1.9392,274
2934,40.79,159,1,0,0.050,2.4857,275
2935,12.98,234,1,0,0.050,2.0323,276
2936,14.33,216,1,0,0.050,2.7957,278
2937,21.15,187,1,0,0.050,2.7839,279
2938,-107.31,556,1,3,0.050,2.4209,282
2939,33.57,82,1,0,0.050,2.7471,283
2940,26.31,130,1,0,0.050,2.0686,283
2941,24.75,131,1,0,0.050,2.1627,284
2942,11.83,184,1,0,0.050,2.3680,285
2943,47.63,128,1,0,0.050,2.3659,286
2944,-17.27,549,1,0,0.050,3.0494,289
2945,-53.52,310,1,0,0.050,1.9834,291
2946,37.12,184,1,0,0.050,3.5577,292
2947,50.30,80,1,0,0.050,2.5451,292
2948,45.52,103,1,0,0.050,2.7047,293
2949,30.15,9,1,33,0.050,2.9875,295
2950,42.81,118,1,0,0.050,2.7178,296
2951,41.52,211,1,0,0.050,2.9496,297
2952,0.87,294,1,0,0.050,3.0569,299
2953,-165.84,275,1,39,0.050,2.1563,300
2954,37.90,114,1,0,0.050,1.9254,301
2955,-21.88,195,1,14,0.050,2.0688,302
2956,46.62,92,1,0,0.050,2.4030,303
2957,38.88,198,1,0,0.050,1.9686,304
2958,44.22,126,1,0,0.050,2.9260,305
2959,45.86,61,1,0,0.050,2.9579,305
2960,46.99,94,1,0,0.050,2.6244,305
2961,47.04,58,1,0,0.050,2.6282,306
2962,49.53,117,1,0,0.050,2.4943,307
2963,23.99,76,1,5,0.050,2.3957,307
2964,47.34,111,1,0,0.050,2.1125,308
2965,49.94,139,1,0,0.050,3.1476,309
2966,23.90,246,1,0,0.050,2.2808,310
2967,49.46,149,1,0,0.050,2.7573,311
2968,-111.87,204,1,31,0.050,2.1208,312
2969,20.26,91,1,4,0.050,2.2772,313
2970,48.98,71,1,0,0.050,2.8810,313
2971,38.86,197,1,0,0.050,2.1972,314
2972,34.56,136,1,0,0.050,2.8508,315
2973,-23.42,317,1,5,0.050,2.8305,318
2974,43.00,108,1,0,0.050,2.2647,318
2975,-59.15,232,1,22,0.050,2.0782,320
2976,48.87,97,1,0,0.050,2.6858,321
2977,50.83,94,1,0,0.050,2.3233,321
2978,30.35,208,1,0,0.050,2.7686,323
2979,29.83,1,1,19,0.050,2.7686,325
2980,47.96,92,1,0,0.050,3.1242,326
2981,38.38,149,1,0,0.050,2.0529,327
2982,13.51,232,1,0,0.050,2.5658,328
2983,-104.61,446,1,18,0.050,2.3009,331
2984,40.19,112,1,0,0.050,2.5750,332
2985,-4.96,261,1,10,0.050,2.7827,334
2986,64.46,155,1,0,0.050,2.2435,335
2987,46.65,82,1,0,0.050,2.5710,336
2988,56.33,134,1,0,0.050,2.0883,337
2989,48.74,511,1,0,0.050,2.4622,340
2990,44.78,77,1,0,0.050,2.6376,341
2991,52.90,141,1,0,0.050,3.2688,341
2992,33.34,141,1,0,0.050,2.2370,342
2993,38.89,62,1,0,0.050,2.4760,343
2994,48.93,123,1,0,0.050,2.3124,343
2995,73.31,236,1,0,0.050,2.7608,345
2996,50.93,107,1,0,0.050,3.1566,345
2997,-29.56,184,1,17,0.050,2.3732,346
2998,-135.05,484,1,27,0.050,2.5463,349
2999,15.09,97,1,5,0.050,2.6579,349
3000,46.27,58,1,0,0.050,2.3023,350
3001,48.62,94,1,0,0.050,2.8908,350
3002,31.56,111,1,4,0.050,3.0763,351
3003,57.60,122,1,0,0.050,2.0676,351
3004,41.83,106,1,0,0.050,2.4013,352
3005,-128.55,193,1,41,0.050,2.6616,354
3006,45.44,129,1,0,0.050,3.1016,355
3007,43.24,80,1,0,0.050,2.5868,355
3008,36.33,68,1,0,0.050,2.5481,356
3009,34.82,24,1,10,0.050,2.1190,358
3010,41.13,134,1,0,0.050,2.7217,359
3011,37.96,210,1,0,0.050,1.9452,360
3012,44.28,194,1,0,0.050,2.6999,362
3013,-146.58,206,1,41,0.050,3.1662,363
3014,39.33,109,1,0,0.050,2.2357,364
3015,-404.13,600,0,66,0.050,2.1430,368
3016,50.13,209,1,0,0.050,2.2860,369
3017,41.08,91,1,0,0.050,2.2168,370
3018,37.76,82,1,0,0.050,2.2013,371
3019,39.88,106,1,0,0.050,2.2170,371
3020,52.87,57,1,0,0.050,2.1103,372
3021,-16.92,381,1,0,0.050,1.8525,374
3022,38.21,125,1,0,0.050,2.0587,375
3023,12.00,116,1,4,0.050,1.8860,376
3024,48.47,58,1,1,0.050,2.4800,377
3025,45.02,47,1,0,0.050,1.5396,377
3026,23.44,187,1,3,0.050,2.1803,379
3027,34.76,163,1,0,0.050,1.9703,380
3028,55.25,88,1,0,0.050,2.5234,381
3029,66.59,165,1,0,0.050,2.0553,382
3030,-172.76,600,0,15,0.050,2.3429,386
3031,31.33,141,1,0,0.050,2.8435,387
3032,56.96,105,1,0,0.050,2.3848,388
3033,39.97,102,1,0,0.050,2.8788,389
3034,-84.14,134,1,29,0.050,1.7759,390
3035,47.73,62,1,0,0.050,2.5930,390
3036,-95.16,188,1,29,0.050,2.8819,391
3037,43.88,54,1,0,0.050,1.5523,392
3038,60.05,86,1,0,0.050,2.0076,392
3039,30.13,1,1,83,0.050,2.0076,396
3040,68.40,213,1,0,0.050,2.1117,397
3041,-175.61,600,0,0,0.050,2.8951,401
3042,9.42,179,1,6,0.050,3.6299,402
3043,31.99,79,1,0,0.050,2.8628,403
3044,53.34,134,1,0,0.050,2.1508,404
3045,43.90,84,1,0,0.050,2.6942,404
3046,43.07,76,1,0,0.050,3.8244,405
3047,-573.79,600,0,102,0.050,2.3065,409
3048,50.20,156,1,0,0.050,2.8599,410
3049,-142.77,267,1,33,0.050,2.6054,411
3050,52.81,59,1,0,0.050,2.5376,412
3051,5.13,89,1,6,0.050,1.9372,412
3052,-35.83,102,1,17,0.050,2.5869,413
3053,26.06,136,1,0,0.050,2.1820,414
3054,35.35,139,1,0,0.050,3.7003,415
3055,-99.65,600,0,0,0.050,1.8243,419
3056,9.32,131,1,6,0.050,1.7643,420
3057,36.84,80,1,0,0.050,3.2265,420
3058,50.79,83,1,0,0.050,2.2885,421
3059,54.79,72,1,0,0.050,2.6611,421
3060,52.18,140,1,0,0.050,2.1789,422
3061,38.25,86,1,0,0.050,3.2424,423
3062,-101.41,150,1,31,0.050,1.9635,424
3063,46.51,59,1,0,0.050,3.1674,424
3064,6.78,210,1,3,0.050,2.7827,426
3065,39.79,94,1,0,0.050,2.3328,426
3066,57.15,186,1,0,0.050,2.4183,428
3067,53.60,61,1,0,0.050,2.0410,428
3068,42.90,78,1,0,0.050,2.2175,429
3069,30.39,1,1,1,0.050,2.2175,431
3070,43.60,116,1,0,0.050,2.9492,431
3071,52.91,156,1,0,0.050,2.8833,432
3072,21.71,88,1,8,0.050,3.0322,433
3073,52.12,56,1,0,0.050,2.1136,433
3074,37.76,211,1,0,0.050,2.7414,435
3075,35.75,97,1,0,0.050,2.3988,435
3076,47.98,88,1,0,0.050,2.5289,436
3077,32.39,238,1,0,0.050,2.2614,438
3078,31.97,134,1,0,0.050,2.1441,439
3079,-127.46,600,0,2,0.050,1.9009,443
3080,28.37,98,1,0,0.050,2.4257,444
3081,47.82,96,1,0,0.050,2.6810,444
3082,47.03,71,1,0,0.050,2.9500,445
3083,56.21,69,1,0,0.050,2.3847,445
3084,32.87,75,1,0,0.050,2.4108,446
3085,14.33,112,1,6,0.050,3.5980,447
3086,2.20,91,1,11,0.050,3.0410,447
3087,42.84,69,1,0,0.050,2.3753,448
3088,45.29,71,1,0,0.050,2.4635,448
3089,45.49,143,1,0,0.050,2.9310,449
3090,58.97,66,1,0,0.050,2.9000,450
3091,57.91,61,1,0,0.050,3.1641,450
3092,-72.19,189,1,26,0.050,2.3105,452
3093,50.54,56,1,0,0.050,2.6145,452
3094,-134.96,600,0,2,0.050,2.4584,456
3095,62.70,93,1,0,0.050,2.4398,457
3096,51.83,107,1,0,0.050,2.9226,457
3097,55.06,81,1,0,0.050,2.5400,458
3098,34.72,117,1,0,0.050,2.3672,459
3099,-4.33,1,0,399,0.050,2.3672,462
3100,55.76,129,1,0,0.050,2.8611,462
3101,-165.57,551,1,21,0.050,2.1896,466
3102,-130.76,209,1,34,0.050,2.9396,468
3103,23.33,103,1,0,0.050,2.7868,468
3104,19.08,123,1,0,0.050,2.0601,469
3105,27.71,78,1,4,0.050,2.5310,470
3106,44.90,70,1,0,0.050,2.0548,470
3107,28.88,143,1,0,0.050,2.8254,471
3108,34.51,94,1,0,0.050,3.1303,472
3109,-120.21,600,0,0,0.050,2.6443,476
3110,45.74,58,1,0,0.050,2.6865,476
3111,48.43,67,1,0,0.050,2.4527,477
3112,-78.85,439,1,10,0.050,2.6890,480
3113,48.73,82,1,0,0.050,0.0000,3
3114,-23.31,95,1,16,0.050,0.0000,3
3115,41.84,74,1,1,0.050,0.0000,4
3116,45.37,73,1,0,0.050,0.0000,4
3117,35.72,109,1,0,0.050,0.0000,4
3118,-46.69,132,1,18,0.050,0.0000,5
3119,-266.14,540,1,50,0.050,3.8746,7
3120,50.59,82,1,0,0.050,3.2924,7
3121,28.16,127,1,3,0.050,1.9114,8
3122,35.49,117,1,0,0.050,2.3731,9
3123,36.98,119,1,0,0.050,2.7162,9
3124,32.10,111,1,0,0.050,2.1233,10
3125,42.04,147,1,0,0.050,2.2546,11
3126,40.08,82,1,0,0.050,1.9076,12
3127,42.28,101,1,0,0.050,1.7838,12
3128,34.34,137,1,0,0.050,1.9812,13
3129,25.83,193,1,0,0.050,2.1171,14
3130,25.78,202,1,0,0.050,1.6003,16
3131,48.92,107,1,0,0.050,2.3536,16
3132,26.61,154,1,0,0.050,1.5099,17
3133,-137.71,600,0,0,0.050,1.5241,21
3134,-128.34,600,0,0,0.050,1.1586,25
3135,-0.22,1,0,0,0.050,1.1586,33
3136,-42.39,542,1,0,0.050,1.0746,37
3137,-245.84,600,0,0,0.050,1.4605,41
3138,-200.29,600,0,14,0.050,1.5253,45
3139,30.28,115,1,0,0.050,0.9884,45
3140,14.90,180,1,0,0.050,1.2647,47
3141,15.59,118,1,0,0.050,1.1789,47
3142,21.54,133,1,0,0.050,1.0687,48
3143,15.99,275,1,0,0.050,1.7102,50
3144,21.46,164,1,0,0.050,1.4614,51
3145,-489.55,600,0,85,0.050,1.5227,55
3146,31.52,82,1,0,0.050,2.1342,55
3147,-26.30,381,1,0,0.050,1.2815,58
3148,-3.30,272,1,0,0.050,2.3097,59
3149,4.26,183,1,0,0.050,1.1430,61
3150,42.53,55,1,0,0.050,1.3130,61
3151,-116.86,600,0,3,0.050,1.7773,65
3152,32.63,125,1,0,0.050,1.2331,66
3153,38.03,145,1,0,0.050,1.4988,67
3154,23.58,158,1,0,0.050,1.1812,68
3155,27.88,147,1,0,0.050,1.9716,69
3156,22.47,220,1,0,0.050,1.2066,70
3157,62.57,87,1,0,0.050,1.1227,71
3158,-10.28,244,1,5,0.050,1.5556,72
3159,37.37,114,1,0,0.050,1.3080,73
3160,-932.63,600,0,201,0.050,1.7853,77
3161,51.93,76,1,0,0.050,1.2457,77
3162,58.67,139,1,0,0.050,1.5728,78
3163,43.68,124,1,0,0.050,1.0576,79
3164,24.82,140,1,0,0.050,2.6950,80
3165,30.07,1,1,9,0.050,2.6950,84
3166,52.76,100,1,0,0.050,1.4185,85
3167,-167.42,562,1,37,0.050,1.7122,89
3168,7.10,168,1,1,0.050,1.3606,90
3169,24.23,135,1,0,0.050,1.6048,91
3170,46.41,76,1,0,0.050,2.0281,91
3171,19.45,137,1,0,0.050,1.9893,92
3172,29.55,118,1,0,0.050,1.4945,93
3173,33.34,125,1,0,0.050,1.7633,93
3174,11.97,97,1,0,0.050,0.8562,94
3175,-111.77,600,0,0,0.050,1.7576,98
3176,29.73,185,1,0,0.050,1.9127,99
3177,10.90,176,1,0,0.050,1.7134,100
3178,15.48,229,1,0,0.050,1.4372,102
3179,18.80,192,1,0,0.050,1.7985,103
3180,50.13,80,1,0,0.050,1.5681,103
3181,11.82,245,1,0,0.050,2.1607,105
3182,34.07,124,1,0,0.050,1.3760,106
3183,52.25,73,1,0,0.050,1.7751,106
3184,51.10,130,1,0,0.050,1.6830,107
3185,5.96,100,1,0,0.050,1.5040,108
3186,40.21,191,1,0,0.050,1.5354,109
3187,29.78,126,1,0,0.050,1.3938,110
3188,-11.55,93,1,12,0.050,1.7479,110
3189,23.98,106,1,0,0.050,1.6360,111
3190,-231.60,367,1,46,0.050,1.5738,113
3191,57.55,70,1,0,0.050,1.6068,114
3192,56.35,89,1,0,0.050,1.9930,114
3193,43.41,77,1,0,0.050,1.6070,115
3194,45.57,299,1,1,0.050,1.8336,117
3195,30.24,1,1,74,0.050,1.4842,121
3196,47.49,105,1,0,0.050,2.0687,122
3197,-24.81,167,1,18,0.050,1.3124,123
3198,-243.03,343,1,55,0.050,1.1847,125
3199,-14.47,272,1,0,0.050,1.7445,127
3200,42.94,132,1,0,0.050,2.4799,128
3201,42.28,106,1,0,0.050,1.2852,129
3202,44.07,80,1,0,0.050,1.3964,129
3203,-118.40,211,1,32,0.050,1.5489,131
3204,43.69,73,1,0,0.050,2.0181,131
3205,-129.33,600,0,0,0.050,2.4546,135
3206,43.95,52,1,0,0.050,2.2111,135
3207,-104.76,248,1,24,0.050,1.8165,137
3208,38.69,127,1,0,0.050,2.2578,139
3209,23.66,116,1,0,0.050,1.5513,142
3210,38.44,55,1,0,0.050,1.6261,143
3211,45.52,97,1,0,0.050,1.6438,145
3212,40.58,83,1,0,0.050,2.0803,147
3213,76.70,212,1,0,0.050,1.4561,152
3214,55.99,58,1,0,0.050,1.4871,153
3215,49.83,94,1,0,0.050,2.0715,155
3216,69.11,159,1,0,0.050,1.4665,159
3217,63.66,92,1,0,0.050,1.4977,160
3218,-41.03,182,1,12,0.050,1.7568,164
3219,47.94,57,1,0,0.050,1.9080,165
3220,-23.24,338,1,1,0.050,1.5026,172
3221,53.19,103,1,0,0.050,2.1185,174
3222,60.13,90,1,0,0.050,2.0238,176
3223,44.96,97,1,0,0.050,1.6700,178
3224,56.56,79,1,0,0.050,1.8146,180
3225,29.83,1,1,41,0.050,1.8146,186
3226,67.52,111,1,0,0.050,1.6321,188
3227,-421.59,600,0,73,0.050,2.3024,199
3228,-88.17,205,1,27,0.050,1.9845,203
3229,54.60,54,1,0,0.050,1.7809,204
3230,55.00,56,1,0,0.050,1.9780,205
3231,47.00,60,1,0,0.050,2.4933,206
3232,48.11,73,1,0,0.050,1.8219,208
3233,-148.47,535,1,25,0.050,1.9120,219
3234,42.81,92,1,0,0.050,2.6004,221
3235,-184.35,600,0,13,0.050,2.1905,233
3236,20.99,218,1,0,0.050,1.5924,237
3237,22.83,151,1,0,0.050,1.8345,240
3238,35.88,139,1,0,0.050,1.5368,243
3239,46.36,70,1,0,0.050,1.9348,244
3240,42.98,45,1,0,0.050,2.1571,245
3241,2.31,194,1,3,0.050,2.0332,249
3242,39.77,112,1,0,0.050,2.0374,250
3243,29.16,234,1,0,0.050,2.7622,255
3244,32.36,106,1,0,0.050,1.6956,257
3245,44.56,57,1,0,0.050,2.1485,258
3246,49.94,62,1,0,0.050,1.8785,259
3247,60.05,78,1,0,0.050,2.7112,261
3248,-209.90,562,1,32,0.050,1.7524,272
3249,34.82,53,1,0,0.050,1.9415,273
3250,-78.16,493,1,10,0.050,1.8716,283
3251,41.63,100,1,0,0.050,2.5762,285
3252,49.50,118,1,0,0.050,1.5846,287
3253,31.21,112,1,0,0.050,1.8236,289
3254,43.17,62,1,0,0.050,1.9995,291
3255,-0.08,1,0,1,0.050,1.9995,299
3256,-6.75,108,1,10,0.050,2.3055,301
3257,27.15,232,1,0,0.050,2.4189,305
3258,-16.12,184,1,6,0.050,2.7968,309
3259,42.05,56,1,0,0.050,1.9268,310
3260,44.49,95,1,0,0.050,1.9127,311
3261,43.27,66,1,0,0.050,2.3601,312
3262,41.25,68,1,0,0.050,1.2665,314
3263,-148.08,600,0,0,0.050,2.6664,325
3264,35.18,89,1,0,0.050,2.6919,327
3265,-154.26,600,0,3,0.050,1.8903,339
3266,24.41,105,1,0,0.050,2.1600,341
3267,45.77,98,1,0,0.050,2.7592,343
3268,29.25,123,1,0,0.050,2.3987,345
3269,50.79,67,1,0,0.050,2.1430,346
3270,44.46,56,1,0,0.050,1.9219,348
3271,2.44,180,1,3,0.050,1.8661,351
3272,46.53,80,1,0,0.050,1.9598,353
3273,25.06,119,1,2,0.050,1.6699,355
3274,54.17,63,1,0,0.050,1.8775,357
3275,41.49,86,1,0,0.050,2.3479,358
3276,46.53,57,1,0,0.050,2.5583,359
3277,61.93,72,1,0,0.050,2.0951,361
3278,44.29,86,1,0,0.050,2.0366,362
3279,46.89,100,1,0,0.050,2.5362,365
3280,-124.67,600,0,2,0.050,1.9567,375
3281,43.72,87,1,0,0.050,2.6978,377
3282,48.68,82,1,0,0.050,2.7079,379
3283,41.90,78,1,0,0.050,2.4531,380
3284,50.00,72,1,0,0.050,1.6403,381
3285,-0.46,1,0,13,0.050,1.3695,385
3286,51.11,61,1,0,0.050,1.6421,385
3287,-78.38,419,1,9,0.050,1.6542,388
3288,1.10,189,1,5,0.050,2.0242,389
3289,32.67,259,1,0,0.050,2.3679,391
3290,40.80,91,1,0,0.050,2.3111,392
3291,35.23,115,1,0,0.050,1.8128,393
3292,49.81,58,1,0,0.050,2.1532,393
3293,-96.78,549,1,5,0.050,1.5949,398
3294,42.28,62,1,0,0.050,2.0889,398
3295,-144.20,600,0,1,0.050,1.7362,402
3296,15.31,190,1,0,0.050,1.8274,403
3297,42.03,86,1,0,0.050,2.3492,404
3298,39.60,175,1,0,0.050,2.3732,405
3299,36.69,91,1,0,0.050,1.8665,406
3300,48.56,72,1,0,0.050,2.8378,406
3301,-17.33,367,1,0,0.050,1.7794,408
3302,43.99,214,1,0,0.050,1.9090,410
3303,-12.76,147,1,0,0.050,1.9944,411
3304,28.15,124,1,0,0.050,2.4561,411
3305,11.31,102,1,0,0.050,2.6106,412
3306,52.37,56,1,0,0.050,1.8398,412
3307,57.15,67,1,0,0.050,2.6109,413
3308,-21.17,309,1,0,0.050,1.9272,415
3309,3.20,109,1,0,0.050,1.9225,415
3310,-170.74,433,1,27,0.050,2.0894,418
3311,14.30,197,1,0,0.050,2.2477,419
3312,61.31,74,1,0,0.050,2.0381,420
3313,37.69,68,1,0,0.050,2.4863,420
3314,47.46,94,1,0,0.050,2.4005,421
3315,30.10,1,1,32,0.050,2.4005,423
3316,40.64,90,1,0,0.050,2.1799,424
3317,-311.62,554,1,0,0.050,2.1481,427
3318,-94.89,388,1,6,0.050,1.5929,430
3319,-43.42,270,1,0,0.050,3.8260,432
3320,48.02,72,1,0,0.050,2.1273,432
3321,42.63,96,1,0,0.050,1.9610,433
3322,44.92,65,1,0,0.050,1.4973,434
3323,23.11,124,1,5,0.050,2.2190,435
3324,-595.10,340,1,42,0.050,2.3709,437
3325,-156.01,600,0,0,0.050,2.5632,440
3326,35.30,77,1,0,0.050,1.9090,441
3327,-267.16,521,1,41,0.050,2.7079,444
3328,16.72,162,1,0,0.050,3.1995,445
3329,41.95,80,1,0,0.050,2.3105,446
3330,53.96,59,1,0,0.050,2.1577,446
3331,-23.84,318,1,6,0.050,2.3209,448
3332,-24.96,106,1,17,0.050,2.6082,449
3333,43.78,95,1,0,0.050,2.0382,449
3334,29.22,138,1,0,0.050,2.2993,450
3335,30.56,121,1,0,0.050,2.7500,451
3336,48.68,73,1,0,0.050,2.1269,451
3337,12.99,144,1,2,0.050,2.6854,452
3338,19.09,134,1,0,0.050,1.9797,453
3339,24.15,127,1,0,0.050,1.9394,454
3340,-85.38,514,1,4,0.050,1.7984,457
3341,30.11,164,1,0,0.050,2.1623,458
3342,58.56,68,1,0,0.050,2.1485,459
3343,25.60,221,1,0,0.050,2.6086,460
3344,21.85,151,1,0,0.050,2.1046,461
3345,-0.18,1,0,41,0.050,2.1220,467
3346,58.84,67,1,0,0.050,2.4864,467
3347,-145.71,450,1,27,0.050,1.6933,470
3348,39.39,83,1,2,0.050,1.6848,470
3349,51.15,95,1,0,0.050,2.4890,471
3350,57.81,63,1,0,0.050,1.8271,471
3351,47.27,58,1,0,0.050,1.9380,472
3352,22.83,119,1,0,0.050,2.6261,473
3353,-275.32,600,0,41,0.050,2.0959,476
3354,34.28,121,1,0,0.050,2.3146,477
3355,-112.54,600,0,0,0.050,2.1890,481
3356,20.16,168,1,0,0.050,0.0000,4
3357,47.08,147,1,0,0.050,0.0000,4
3358,0.31,257,1,0,0.050,0.0000,5
3359,-63.47,548,1,4,0.050,2.1581,7
3360,42.81,68,1,0,0.050,2.9266,8
3361,-216.59,600,0,26,0.050,1.0736,12
3362,-81.05,600,0,0,0.050,1.2413,16
3363,46.40,151,1,0,0.050,0.8786,18
3364,13.17,313,1,0,0.050,1.3148,20
3365,-120.17,600,0,0,0.050,1.1422,24
3366,-15.49,484,1,0,0.050,1.0377,28
3367,-431.79,289,1,108,0.050,1.4048,30
3368,-79.26,308,1,19,0.050,1.2717,32
3369,26.30,128,1,5,0.050,1.1570,33
3370,-66.53,378,1,9,0.050,1.4409,35
3371,42.75,118,1,0,0.050,1.5261,36
3372,-2.88,239,1,0,0.050,1.1378,38
3373,-458.74,600,0,83,0.050,1.1763,42
3374,12.82,222,1,0,0.050,2.1269,43
3375,-2.74,247,1,0,0.050,1.6495,45
3376,-28.37,357,1,0,0.050,1.6652,48
3377,-261.97,600,0,47,0.050,1.9013,52
3378,-82.55,391,1,13,0.050,1.2712,55
3379,3.79,288,1,0,0.050,1.9291,57
3380,19.03,164,1,0,0.050,0.8951,58
3381,-0.12,1,0,0,0.050,0.8951,63
3382,37.09,189,1,0,0.050,1.3783,64
3383,5.73,148,1,0,0.050,1.6399,65
3384,-713.36,600,0,64,0.050,1.3402,69
3385,-58.39,183,1,20,0.050,2.7796,70
3386,-1146.16,600,0,208,0.050,1.8328,75
3387,-9.82,200,1,6,0.050,3.8081,76
3388,14.15,376,1,0,0.050,2.0306,79
3389,29.93,175,1,0,0.050,2.6215,80
3390,-236.14,400,1,52,0.050,1.9506,83
3391,-118.13,600,0,0,0.050,1.5530,87
3392,29.29,178,1,0,0.050,1.6024,88
3393,-1220.66,600,0,273,0.050,3.2258,92
3394,-577.59,475,1,134,0.050,2.4251,95
3395,13.87,280,1,0,0.050,2.8933,97
3396,-98.21,600,0,0,0.050,3.1859,101
3397,-220.17,600,0,25,0.050,3.5836,105
3398,-106.08,600,0,0,0.050,1.6190,109
3399,30.11,158,1,0,0.050,2.5307,110
3400,-88.76,600,0,0,0.050,2.8636,114
3401,-85.62,600,0,0,0.050,1.9703,118
3402,-212.91,600,0,0,0.050,2.6244,122
3403,-86.89,600,0,2,0.050,2.2633,126
3404,26.24,208,1,0,0.050,3.2766,128
3405,-167.40,600,0,0,0.050,2.5395,132
3406,-125.86,600,0,0,0.050,2.6082,136
3407,-107.47,600,0,0,0.050,3.1817,140
3408,3.55,246,1,0,0.050,2.6636,142
3409,-20.32,315,1,0,0.050,2.3494,144
3410,-131.30,600,0,0,0.050,1.7975,148
3411,-0.03,1,0,0,0.050,1.7975,156
3412,-134.56,600,0,17,0.050,1.4738,160
3413,-88.69,501,1,0,0.050,1.5515,164
3414,-193.69,600,0,12,0.050,2.3179,168
3415,-122.67,600,0,0,0.050,1.6084,172
3416,-506.49,600,0,106,0.050,2.8081,176
3417,-50.29,491,1,15,0.050,1.9661,179
3418,-16.29,213,1,6,0.050,3.2924,181
3419,26.80,113,1,0,0.050,3.1136,182
3420,-181.02,526,1,36,0.050,1.5474,185
3421,-137.87,600,0,0,0.050,2.2211,189
3422,-5.03,332,1,0,0.050,3.0544,191
3423,-375.77,600,0,65,0.050,2.7958,196
3424,-299.06,529,1,58,0.050,3.1225,199
3425,0.10,216,1,0,0.050,2.7101,201
3426,-139.72,600,0,0,0.050,3.0130,205
3427,-86.35,233,1,27,0.050,1.7448,206
3428,-14.03,313,1,0,0.050,3.3378,209
3429,30.58,122,1,0,0.050,2.3437,209
3430,-122.91,357,1,31,0.050,2.8433,212
3431,-127.06,161,1,31,0.050,4.0707,213
3432,-276.21,600,0,31,0.050,2.5221,217
3433,-91.15,554,1,17,0.050,3.9839,221
3434,-138.39,600,0,0,0.050,2.4594,225
3435,2.63,352,1,0,0.050,1.9876,227
3436,-10.63,396,1,6,0.050,2.3231,230
3437,11.79,209,1,0,0.050,2.2844,231
3438,10.24,203,1,2,0.050,3.4170,233
3439,21.26,87,1,0,0.050,2.1376,233
3440,-56.13,556,1,2,0.050,2.6293,237
3441,-0.82,1,0,394,0.050,2.6293,246
3442,-677.48,600,0,143,0.050,2.1539,250
3443,23.21,137,1,0,0.050,2.0949,251
3444,-271.48,600,0,39,0.050,3.1333,255
3445,-111.24,600,0,0,0.050,2.7620,259
3446,-2996.21,600,0,229,0.050,1.9292,263
3447,-24.83,127,1,9,0.050,2.2334,264
3448,21.76,148,1,0,0.050,3.6723,267
3449,-10.67,94,1,0,0.050,2.1327,269
3450,-524.00,600,0,92,0.050,2.8396,283
3451,-416.55,600,0,47,0.050,2.5387,294
3452,-80.27,600,0,0,0.050,2.7878,305
3453,-340.11,600,0,58,0.050,2.5816,317
3454,-13.88,296,1,5,0.050,2.2060,323
3455,-378.34,337,1,83,0.050,2.1463,329
3456,-172.32,600,0,5,0.050,2.1123,341
3457,-40.45,341,1,4,0.050,3.3308,349
3458,-186.57,600,0,17,0.050,3.3278,360
3459,-8.58,280,1,0,0.050,3.2499,364
3460,13.78,233,1,0,0.050,2.6387,366
3461,-349.49,600,0,47,0.050,1.7652,370
3462,-111.23,256,1,22,0.050,2.9856,373
3463,-513.68,549,1,6,0.050,2.5873,377
3464,2.24,340,1,0,0.050,3.4211,379
3465,-48.71,177,1,0,0.050,3.0591,380
3466,-215.28,390,1,30,0.050,3.3414,383
3467,0.28,157,1,0,0.050,3.5000,384
3468,19.97,130,1,0,0.050,3.0628,384
3469,20.86,153,1,0,0.050,3.1045,386
3470,-1764.58,600,0,0,0.050,5.1797,390
3471,-6.65,1,0,138,0.050,5.1797,395
3472,-11.00,141,1,9,0.050,2.5200,396
3473,44.99,55,1,0,0.050,3.1689,397
3474,-535.59,333,1,117,0.050,3.4417,399
3475,-61.58,238,1,0,0.050,3.3948,401
3476,-661.13,286,1,159,0.050,4.4122,403
3477,-195.90,176,1,29,0.050,4.5189,404
3478,-38.94,119,1,15,0.050,2.4970,405
3479,-19.78,191,1,0,0.050,3.0157,406
3480,30.60,152,1,0,0.050,3.0151,407
3481,-430.67,600,0,67,0.050,3.6944,412
3482,-29.35,257,1,3,0.050,5.2025,414
3483,-499.80,600,0,62,0.050,2.9747,418
3484,-739.83,433,1,148,0.050,3.0025,422
3485,-77.23,326,1,0,0.050,3.7875,425
3486,-320.82,600,0,41,0.050,3.6202,429
3487,-414.99,460,1,78,0.050,5.5922,432
3488,1.32,271,1,0,0.050,2.4853,434
3489,-43.40,209,1,4,0.050,3.6043,436
3490,-171.71,189,1,43,0.050,2.5588,437
3491,-185.79,600,0,4,0.050,4.1512,441
3492,-73.66,393,1,15,0.050,3.1385,444
3493,4.43,222,1,0,0.050,3.2736,450
3494,23.03,167,1,0,0.050,4.2890,455
3495,-0.36,297,1,0,0.050,2.7802,464
3496,-14.45,235,1,6,0.050,2.9336,471
3497,28.12,235,1,0,0.050,2.7619,476
3498,33.65,76,1,0,0.050,2.4998,478
3499,-0.21,150,1,0,0.050,3.5398,482
3500,1.37,192,1,0,0.050,0.0000,4
3501,-10.78,239,1,0,0.050,0.0000,5
3502,11.96,152,1,0,0.050,0.0000,6
3503,32.14,114,1,0,0.050,0.0000,7
3504,-80.98,296,1,0,0.050,0.0000,8
3505,-399.59,600,0,61,0.050,1.5695,15
3506,-123.03,600,0,0,0.050,1.1050,21
3507,-182.35,600,0,0,0.050,0.8858,27
3508,-128.46,600,0,0,0.050,0.7391,33
3509,-151.07,600,0,0,0.050,0.7017,39
3510,-71.91,404,1,0,0.050,1.1142,43
3511,-100.64,600,0,0,0.050,1.3534,49
3512,-4.11,298,1,0,0.050,1.0346,52
3513,-165.02,600,0,0,0.050,1.1187,58
3514,-210.07,600,0,0,0.050,1.0862,63
3515,-9.90,266,1,1,0.050,1.5299,66
3516,-51.55,272,1,0,0.050,1.3315,69
3517,-24.70,174,1,0,0.050,2.3764,70
3518,-589.54,469,1,3,0.050,3.5470,75
3519,31.45,23,1,5,0.050,2.5013,82
3520,-62.41,269,1,16,0.050,1.7261,85
3521,27.49,84,1,0,0.050,1.1446,85
3522,-1133.63,454,1,210,0.050,3.7165,90
3523,-1075.71,567,1,171,0.050,2.8698,96
3524,-2444.08,600,0,528,0.050,2.6792,665
3525,19.79,240,1,0,0.050,0.0000,4
3526,-304.77,600,0,41,0.050,0.0000,7
3527,-647.90,600,0,131,0.050,1.4318,13
3528,-6.66,287,1,1,0.050,1.9552,15
3529,-226.23,600,0,0,0.050,2.1180,21
3530,-1128.36,600,0,207,0.050,3.2110,26
3531,-120.09,600,0,0,0.050,2.6031,32
3532,-126.01,600,0,15,0.050,2.0521,37
3533,-67.15,468,1,7,0.050,1.8401,42
3534,-207.63,600,0,8,0.050,2.0696,47
3535,-41.72,530,1,0,0.050,1.9886,52
3536,-10.57,351,1,0,0.050,1.6693,55
3537,-14.08,365,1,0,0.050,2.2878,58
3538,-191.14,360,1,26,0.050,2.5177,62
3539,29.89,1,1,9,0.050,2.5177,73
3540,-235.24,600,0,22,0.050,1.6366,78
3541,-210.82,600,0,12,0.050,1.5152,84
3542,-124.41,600,0,0,0.050,1.7713,89
3543,-58.53,600,0,0,0.050,1.6317,94
3544,-674.03,600,0,113,0.050,2.0461,100
3545,-197.75,600,0,16,0.050,1.5850,105
3546,-605.94,600,0,111,0.050,2.0050,111
3547,11.35,369,1,0,0.050,2.8265,114
3548,-129.52,600,0,0,0.050,1.3476,120
3549,-220.21,600,0,19,0.050,1.5155,125
3550,-195.65,600,0,9,0.050,2.7740,131
3551,-473.57,600,0,71,0.050,2.0145,136
3552,-118.16,600,0,10,0.050,2.0632,142
3553,-65.04,600,0,0,0.050,2.3132,147
3554,-113.67,600,0,0,0.050,1.6115,152
3555,-261.63,600,0,24,0.050,2.1142,158
3556,-461.55,600,0,42,0.050,2.3521,163
3557,-69.84,520,1,0,0.050,1.6101,168
3558,-98.82,162,1,17,0.050,1.3674,169
3559,-144.35,600,0,0,0.050,1.6354,174
3560,-111.26,600,0,0,0.050,3.5873,180
3561,-128.63,600,0,0,0.050,2.7390,185
3562,-116.74,600,0,0,0.050,1.7671,191
3563,-117.13,600,0,0,0.050,1.3088,196
3564,-106.67,600,0,0,0.050,2.0848,202
3565,-33.36,575,1,0,0.050,1.5193,207
3566,8.10,306,1,0,0.050,2.0112,210
3567,-66.95,600,0,0,0.050,1.4389,215
3568,-91.09,600,0,0,0.050,1.7888,221
3569,-0.07,1,0,0,0.050,1.7888,234
3570,-266.15,600,0,42,0.050,2.0929,239
3571,-73.56,600,0,0,0.050,2.0252,245
3572,-88.10,600,0,0,0.050,1.4167,250
3573,-11.89,542,1,0,0.050,1.9680,255
3574,-177.59,600,0,8,0.050,1.1620,260
3575,-184.17,600,0,28,0.050,2.3087,266
3576,-36.81,492,1,0,0.050,2.0784,270
3577,4.70,353,1,0,0.050,1.9304,273
3578,-65.94,600,0,0,0.050,1.2178,279
3579,-123.16,600,0,0,0.050,1.1415,284
3580,-98.95,600,0,7,0.050,1.5388,289
3581,-152.43,600,0,0,0.050,1.6857,295
3582,-308.68,600,0,9,0.050,2.3614,300
3583,-108.17,600,0,0,0.050,1.5182,306
3584,-58.66,600,0,0,0.050,0.9746,311
3585,-207.92,600,0,15,0.050,1.3787,317
3586,-67.63,600,0,0,0.050,1.4115,322
3587,-69.82,600,0,0,0.050,2.2380,328
3588,-73.78,600,0,0,0.050,1.4911,333
3589,-83.91,600,0,0,0.050,1.8411,338
3590,-27.14,582,1,0,0.050,1.7152,343
3591,-195.14,600,0,15,0.050,1.7058,349
3592,-78.43,600,0,0,0.050,1.6972,354
3593,-7.95,588,1,0,0.050,2.4689,360
3594,-120.01,600,0,3,0.050,1.5287,365
3595,-112.23,600,0,0,0.050,1.8792,370
3596,26.36,188,1,0,0.050,1.5264,372
3597,36.82,151,1,0,0.050,1.4322,373
3598,-92.73,600,0,0,0.050,1.7767,379
3599,-0.12,1,0,0,0.050,1.2638,392
3600,-77.01,507,1,16,0.050,1.2262,397
3601,-34.45,392,1,5,0.050,1.3938,400
3602,-101.74,600,0,0,0.050,1.9242,406
3603,-86.46,600,0,0,0.050,1.5227,411
3604,-117.40,600,0,4,0.050,1.3615,416
3605,-139.62,600,0,15,0.050,2.2927,422
3606,-118.27,600,0,0,0.050,1.2790,427
3607,5.96,484,1,0,0.050,1.2276,431
3608,-77.92,600,0,0,0.050,1.0960,437
3609,-228.35,600,0,34,0.050,1.7499,442
3610,-67.72,600,0,0,0.050,1.6966,447
3611,-249.27,600,0,41,0.050,1.8456,453
3612,-411.41,600,0,83,0.050,1.6559,458
3613,2.57,316,1,4,0.050,0.9821,461
3614,-75.90,600,0,0,0.050,1.5424,466
3615,-85.16,600,0,7,0.050,1.5261,472
3616,-81.11,600,0,0,0.050,1.1963,477
3617,-85.98,600,0,0,0.050,1.2014,483
